99DC80C0A63EE5FC0AFC4FC883266F7920C68BF51E5BBA701B7C40FB16F70830,BF50F8556BF5BBA54C1046C86B90DC00483B846F0D8CB1948FADF39B1CCB838F,BF50F8556BF5BBA54C1046C86B90DC00483B846F0D8CB1948FADF39B1CCB838F,124522848
99DC80C0A63EE5FC0AFC4FC883266F7920C68BF51E5BBA701B7C40FAE0433892,119EADE8F93A41205EB98C356FD5E0DFEEC70B83100F249E8BED9C38B84E7176,119EADE8F93A41205EB98C356FD5E0DFEEC70B83100F249E8BED9C38B84E7176,48247547
99DC80C0A63EE5FC0AFC4FC883266F7920C68BF51E5BBA701B7C40FAB37E63AE,6E05CE4D34E16632CB8BABD4DB28B1FEF3861A2A8A9F4C58F1E615516DB81B34,6E05CE4D34E16632CB8BABD4DB28B1FEF3861A2A8A9F4C58F1E615516DB81B34,50115971
99DC80C0A63EE5FC0AFC4FC883266F7920C68BF51E5BBA701B7C40FAE4B5B719,99557D5A3E648AEAE4A5F9245C369E17829C2566A4BFA7E50363AAD867D28005,99557D5A3E648AEAE4A5F9245C369E17829C2566A4BFA7E50363AAD867D28005,48536913
99DC80C0A63EE5FC0AFC4FC883266F7920C68BF51E5BBA701B7C40FAED136F81,DBFEBCECC97782C6D05625F4B989DA8D6D3BFB791D6CD4EA662D9B04030C2DD7,DBFEBCECC97782C6D05625F4B989DA8D6D3BFB791D6CD4EA662D9B04030C2DD7,37102460
99DC80C0A63EE5FC0AFC4FC883266F7920C68BF51E5BBA701B7C40FAF7F03EBA,34BA6BC821BFD29A08973B8334A608B249CF987D1015AF54F4755C02C00B3819,34BA6BC821BFD29A08973B8334A608B249CF987D1015AF54F4755C02C00B3819,37024743
99DC80C0A63EE5FC0AFC4FC883266F7920C68BF51E5BBA701B7C40FAE927F289,9C5A1A7A91E01468B0196E8C299656F8D7F6913BB68814AD3E07DDA7D56A7451,9C5A1A7A91E01468B0196E8C299656F8D7F6913BB68814AD3E07DDA7D56A7451,31885593
99DC80C0A63EE5FC0AFC4FC883266F7920C68BF51E5BBA701B7C40FAEAD6BBD0,F63A3CE2958EB5DB1DAF1677DC33B8ED4250282C283C97332B223408874EF2EB,F63A3CE2958EB5DB1DAF1677DC33B8ED4250282C283C97332B223408874EF2EB,37966730
99DC80C0A63EE5FC0AFC4FC883266F7920C68BF51E5BBA701B7C40FB21424F99,D7BB568BEA7ECFE388E71327CC0EF8BA63ACD068198707672B2AF1F6B74A6EA4,D7BB568BEA7ECFE388E71327CC0EF8BA63ACD068198707672B2AF1F6B74A6EA4,34892791
99DC80C0A63EE5FC0AFC4FC883266F7920C68BF51E5BBA701B7C40FADAB85673,C20CC65CEFE64FD6213451AEF5AE32EF1E6E3FD447AB8F71DD7D1BACF8A9AD00,C20CC65CEFE64FD6213451AEF5AE32EF1E6E3FD447AB8F71DD7D1BACF8A9AD00,33674335
99DC80C0A63EE5FC0AFC4FC883266F7920C68BF51E5BBA701B7C40FB2878E64A,17500DF7820CB6A76C9D0B55F824936313BB89096778ED296252785B51CA0EB0,17500DF7820CB6A76C9D0B55F824936313BB89096778ED296252785B51CA0EB0,32647679
99DC80C0A63EE5FC0AFC4FC883266F7920C68BF51E5BBA701B7C40FAD6BAB9C4,7B2D80BE2DC6642788BFC0A4AFE8AA4BDDE86FF4DC7BFD7D8E29D7BB704126F1,7B2D80BE2DC6642788BFC0A4AFE8AA4BDDE86FF4DC7BFD7D8E29D7BB704126F1,32847658
99DC80C0A63EE5FC0AFC4FC883266F7920C68BF51E5BBA701B7C40FAC643781F,3F9D53EE625D46E5D158DDE9DFB6703A6F87845D796716D4B52A2050E7096CB9,3F9D53EE625D46E5D158DDE9DFB6703A6F87845D796716D4B52A2050E7096CB9,22859516
99DC80C0A63EE5FC0AFC4FC883266F7920C68BF51E5BBA701B7C40FB01798405,1978E05224560248178A3E042D872F90F729F822507C4D597A768511B557A0BB,1978E05224560248178A3E042D872F90F729F822507C4D597A768511B557A0BB,19804336
99DC80C0A63EE5FC0AFC4FC883266F7920C68BF51E5BBA701B7C40FB0E6EA769,B226FE95BA372E647AEE2A90286464C4314BC8D2460DB71F926D192D37E4D574,B226FE95BA372E647AEE2A90286464C4314BC8D2460DB71F926D192D37E4D574,25928741
99DC80C0A63EE5FC0AFC4FC883266F7920C68BF51E5BBA701B7C40FAB8920772,B3B8984EC54380A1BA6BFA61B5807CAFD8E610E63DEFBB881B260626461A06FC,B3B8984EC54380A1BA6BFA61B5807CAFD8E610E63DEFBB881B260626461A06FC,24361998
99DC80C0A63EE5FC0AFC4FC883266F7920C68BF51E5BBA701B7C40FAE93E31B9,7D96A2F3477DD99C263F8A99F6254ED9D635CADFEA79CFB0443AABACEBCF0668,7D96A2F3477DD99C263F8A99F6254ED9D635CADFEA79CFB0443AABACEBCF0668,25103624
99DC80C0A63EE5FC0AFC4FC883266F7920C68BF51E5BBA701B7C40FAC1B3ED87,599F49E7392712C090F0BDFF113CCC77F137801CE195604DF28BC2A5ED87C8A3,599F49E7392712C090F0BDFF113CCC77F137801CE195604DF28BC2A5ED87C8A3,27747596
99DC80C0A63EE5FC0AFC4FC883266F7920C68BF51E5BBA701B7C40FAEDBD40AA,6E763CB69FE7738D7A664775388904F75611154A943CA2486EF09CAAE4361131,6E763CB69FE7738D7A664775388904F75611154A943CA2486EF09CAAE4361131,24560624
99DC80C0A63EE5FC0AFC4FC883266F7920C68BF51E5BBA701B7C40FAB5FAE0F0,C933CDE4D4EFF08C2DF7C53FDB3E277BD73267F846CFE942BDD606D1CBC75CB8,C933CDE4D4EFF08C2DF7C53FDB3E277BD73267F846CFE942BDD606D1CBC75CB8,34397322
99DC80C0A63EE5FC0AFC4FC883266F7920C68BF51E5BBA701B7C40FAD90559F0,1C7B8719768F5CE73367511FDDC80AD79A56D63E65D9A3D41AF6EF19CA65E199,1C7B8719768F5CE73367511FDDC80AD79A56D63E65D9A3D41AF6EF19CA65E199,25274242
99DC80C0A63EE5FC0AFC4FC883266F7920C68BF51E5BBA701B7C40FB06EEC616,788FEC5B7B37F0225C89FFD623FA8BB9595D23E1B2D8C66C9AC16D577D458B91,788FEC5B7B37F0225C89FFD623FA8BB9595D23E1B2D8C66C9AC16D577D458B91,19291579
99DC80C0A63EE5FC0AFC4FC883266F7920C68BF51E5BBA701B7C40FB0F95A2D3,C7488E669D25D9F015EBC72D3E97040CE11595A15AFF032B1F1EFFFD07AA0B14,C7488E669D25D9F015EBC72D3E97040CE11595A15AFF032B1F1EFFFD07AA0B14,17389324
99DC80C0A63EE5FC0AFC4FC883266F7920C68BF51E5BBA701B7C40FB035626B3,A5D05BE761D93A463D303ED6E4FBB9F8DE0B65C5294677739891FA8354B56307,A5D05BE761D93A463D303ED6E4FBB9F8DE0B65C5294677739891FA8354B56307,17405740
99DC80C0A63EE5FC0AFC4FC883266F7920C68BF51E5BBA701B7C40FB00CE1B31,87AAC4B30E6F7D72F43C681C3C2218E9234D50304891593D521061527DD8FD5C,87AAC4B30E6F7D72F43C681C3C2218E9234D50304891593D521061527DD8FD5C,16994129
99DC80C0A63EE5FC0AFC4FC883266F7920C68BF51E5BBA701B7C40FAF9AE72B1,25BE04A09E186E4CD64B21F5D306A881446FE6F45062560F04D1F36676DE33D8,25BE04A09E186E4CD64B21F5D306A881446FE6F45062560F04D1F36676DE33D8,16567529
99DC80C0A63EE5FC0AFC4FC883266F7920C68BF51E5BBA701B7C40FAF4873177,95BA0FB6C065A89479C6C23C821AA8B2A961F92536D8845FF5FC27E810C79AFF,95BA0FB6C065A89479C6C23C821AA8B2A961F92536D8845FF5FC27E810C79AFF,16398770
99DC80C0A63EE5FC0AFC4FC883266F7920C68BF51E5BBA701B7C40FB15ECFEFB,2D0AEE5073CEAFFB24BBD5146FDE4949A6BC00CD24F06B549E42AF9274C1D0DE,2D0AEE5073CEAFFB24BBD5146FDE4949A6BC00CD24F06B549E42AF9274C1D0DE,16290524
99DC80C0A63EE5FC0AFC4FC883266F7920C68BF51E5BBA701B7C40FACAF2E2ED,64B5ADA7777F070490DB9FF566BE3F90F69CAB9E03E21FDB3425595D9E49FF33,64B5ADA7777F070490DB9FF566BE3F90F69CAB9E03E21FDB3425595D9E49FF33,16684370
99DC80C0A63EE5FC0AFC4FC883266F7920C68BF51E5BBA701B7C40FB18F1E2B4,CABD9F10303CE20C96A723A50A66E81884D6B8026D45FBB1163E0190BA6A6777,CABD9F10303CE20C96A723A50A66E81884D6B8026D45FBB1163E0190BA6A6777,18579501
99DC80C0A63EE5FC0AFC4FC883266F7920C68BF51E5BBA701B7C40FB28D40AF1,F2A8C1DB863E535D5FDBDBEB8A2786719927527F5274019E8788B0AD1C80C103,F2A8C1DB863E535D5FDBDBEB8A2786719927527F5274019E8788B0AD1C80C103,18001607
99DC80C0A63EE5FC0AFC4FC883266F7920C68BF51E5BBA701B7C40FAF38EE3DB,9F883899F66612E85526DA695924671E687C3B2690F340977CBC2EB1D285CE10,9F883899F66612E85526DA695924671E687C3B2690F340977CBC2EB1D285CE10,19590372
99DC80C0A63EE5FC0AFC4FC883266F7920C68BF51E5BBA701B7C40FB251457DF,7E6D3FDEAD3E1F25D6D5725FB048239BCD3787D8FB9AAC1A7F0C02DE8B93C6B3,7E6D3FDEAD3E1F25D6D5725FB048239BCD3787D8FB9AAC1A7F0C02DE8B93C6B3,17082143
99DC80C0A63EE5FC0AFC4FC883266F7920C68BF51E5BBA701B7C40FADA52B5EF,E715ECC88B066ED459A313706CE81F755506CDE401F0D7CFDCCF9D219AEBB9FB,E715ECC88B066ED459A313706CE81F755506CDE401F0D7CFDCCF9D219AEBB9FB,19304259
99DC80C0A63EE5FC0AFC4FC883266F7920C68BF51E5BBA701B7C40FB00549D6D,F5EA7DE109697AE486FBB7F684638F33BBB21E8A74E1AE7DEE3B52C5856778BE,F5EA7DE109697AE486FBB7F684638F33BBB21E8A74E1AE7DEE3B52C5856778BE,17664119
99DC80C0A63EE5FC0AFC4FC883266F7920C68BF51E5BBA701B7C40FAB2FE47E8,F8776A8F8D577E08C5BE1205F773B674E510C6F47647386946D9888D6591F94A,F8776A8F8D577E08C5BE1205F773B674E510C6F47647386946D9888D6591F94A,17303042
99DC80C0A63EE5FC0AFC4FC883266F7920C68BF51E5BBA701B7C40FB0304326D,1E2DFECA8A2633FDDE576EE0B6A5D3417109A9303F517E4CEC6E0930A7280F75,1E2DFECA8A2633FDDE576EE0B6A5D3417109A9303F517E4CEC6E0930A7280F75,17432045
99DC80C0A63EE5FC0AFC4FC883266F7920C68BF51E5BBA701B7C40FADCC36A63,538AC543FBB0918DB489B8A03B9D78B87FBFBEC2F39B61B826CD9C56728F1EA8,538AC543FBB0918DB489B8A03B9D78B87FBFBEC2F39B61B826CD9C56728F1EA8,20434810
99DC80C0A63EE5FC0AFC4FC883266F7920C68BF51E5BBA701B7C40FB01FE3B20,47C3F5A928A22223BED8DDBBE7EBDEC96863F9D220BDE18DD83F3952B019020A,47C3F5A928A22223BED8DDBBE7EBDEC96863F9D220BDE18DD83F3952B019020A,19546447
99DC80C0A63EE5FC0AFC4FC883266F7920C68BF51E5BBA701B7C40FB277A9B7E,A676C5F3748B988B42BEB3EEF2EF62FB4FBA3CE8F147A1B815E2BCB5F7AA6F38,A676C5F3748B988B42BEB3EEF2EF62FB4FBA3CE8F147A1B815E2BCB5F7AA6F38,21943561
99DC80C0A63EE5FC0AFC4FC883266F7920C68BF51E5BBA701B7C40FAF581F928,BA99F3AF32D8F2C5AA2E88839B2C206C24B272DBACC5D6763F68499C994360F7,BA99F3AF32D8F2C5AA2E88839B2C206C24B272DBACC5D6763F68499C994360F7,17742503
99DC80C0A63EE5FC0AFC4FC883266F7920C68BF51E5BBA701B7C40FAAC206B98,7D89CB14BB03FEA7A0805B79FA50E6ED2C90DAADAB8E10CF53AFEF6277E137E4,7D89CB14BB03FEA7A0805B79FA50E6ED2C90DAADAB8E10CF53AFEF6277E137E4,23900525
99DC80C0A63EE5FC0AFC4FC883266F7920C68BF51E5BBA701B7C40FAB3697F97,5D1225ECA272387844532F622670ABEE318C84D6DDB6B69D9649E8AEC4F3D8FC,5D1225ECA272387844532F622670ABEE318C84D6DDB6B69D9649E8AEC4F3D8FC,20752248
99DC80C0A63EE5FC0AFC4FC883266F7920C68BF51E5BBA701B7C40FACB991CAA,405F0C90D096839486E5E6D2E665EBFFE8114EAEA8ED90E50281ECE561A4231D,405F0C90D096839486E5E6D2E665EBFFE8114EAEA8ED90E50281ECE561A4231D,21768231
99DC80C0A63EE5FC0AFC4FC883266F7920C68BF51E5BBA701B7C40FB0B0FC36E,F5241FB98F93FDA6778DE12EDD2DB7C663245BA8F5A2AB26ECE0C9707C6E04A0,F5241FB98F93FDA6778DE12EDD2DB7C663245BA8F5A2AB26ECE0C9707C6E04A0,21073216
99DC80C0A63EE5FC0AFC4FC883266F7920C68BF51E5BBA701B7C40FB0BFC7D9E,C6997FEB08DB12B14FA653C8B89A9337FAAF10B3A4AB2834C1E7D92F6DDE6787,C6997FEB08DB12B14FA653C8B89A9337FAAF10B3A4AB2834C1E7D92F6DDE6787,19112230
99DC80C0A63EE5FC0AFC4FC883266F7920C68BF51E5BBA701B7C40FB0470782D,381A373BB31ED1FBD188578BAC6EEF1340CAE485AA2C275C854A6EF95384AD04,381A373BB31ED1FBD188578BAC6EEF1340CAE485AA2C275C854A6EF95384AD04,17681269
99DC80C0A63EE5FC0AFC4FC883266F7920C68BF51E5BBA701B7C40FAD10A7BB7,594FA316192BF4EB2179EF6731BC314D3AB9E0B58A49BAA3F79189C9FDCE860,594FA316192BF4EB2179EF6731BC314D3AB9E0B58A49BAA3F79189C9FDCE860,18074151
99DC80C0A63EE5FC0AFC4FC883266F7920C68BF51E5BBA701B7C40FAF425442F,7510FEDD954BCC873775E491816F26AAEE2EC3DEA6568F67FBC5FB82348D2CAA,7510FEDD954BCC873775E491816F26AAEE2EC3DEA6568F67FBC5FB82348D2CAA,17735821
99DC80C0A63EE5FC0AFC4FC883266F7920C68BF51E5BBA701B7C40FAE3DE9D9E,8A5D9F2F95132535CC6D50E077FB7C87B75A638030B16CBAEF1FF8557BC99777,8A5D9F2F95132535CC6D50E077FB7C87B75A638030B16CBAEF1FF8557BC99777,17348095
99DC80C0A63EE5FC0AFC4FC883266F7920C68BF51E5BBA701B7C40FB1749A197,967848D065EFBB762BBF03C5A4BBAA01AABF01F30BCE2677F7DE0DD9B59307F9,967848D065EFBB762BBF03C5A4BBAA01AABF01F30BCE2677F7DE0DD9B59307F9,17901813
99DC80C0A63EE5FC0AFC4FC883266F7920C68BF51E5BBA701B7C40FAF281FE58,A42A5DF3A7546B30F3C5A9DA9F83293AD291DF925C31D4DB566220C8618BD593,A42A5DF3A7546B30F3C5A9DA9F83293AD291DF925C31D4DB566220C8618BD593,16680034
99DC80C0A63EE5FC0AFC4FC883266F7920C68BF51E5BBA701B7C40FAE2E97ECC,DF64C9DC9C31F0223D42CF7BA8E85D83E9FF40E95496E40CF3B169C45F470206,DF64C9DC9C31F0223D42CF7BA8E85D83E9FF40E95496E40CF3B169C45F470206,19151692
99DC80C0A63EE5FC0AFC4FC883266F7920C68BF51E5BBA701B7C40FB162F121B,F58484A2079B51E0596D28A520E4070D0A4A9FC6BC33AF8FB24FCAE8FFD4B906,F58484A2079B51E0596D28A520E4070D0A4A9FC6BC33AF8FB24FCAE8FFD4B906,17551481
99DC80C0A63EE5FC0AFC4FC883266F7920C68BF51E5BBA701B7C40FB0183EC99,7C86E70B8902C22CD6B7296CC2488B0650AE0AD3F8B6FDFE178FFEBC1A410F4F,7C86E70B8902C22CD6B7296CC2488B0650AE0AD3F8B6FDFE178FFEBC1A410F4F,16848294
99DC80C0A63EE5FC0AFC4FC883266F7920C68BF51E5BBA701B7C40FABB536B6F,41107417C063C5C0FC180AFABF038DFFAFF75813E82F067F120BF269EF4D836B,41107417C063C5C0FC180AFABF038DFFAFF75813E82F067F120BF269EF4D836B,24149444
99DC80C0A63EE5FC0AFC4FC883266F7920C68BF51E5BBA701B7C40FAF57FA81B,66913F5737DD93DE2E21F72703CD7119AB40728A52BCA2763A8F28658C372013,66913F5737DD93DE2E21F72703CD7119AB40728A52BCA2763A8F28658C372013,21453809
99DC80C0A63EE5FC0AFC4FC883266F7920C68BF51E5BBA701B7C40FAFEF304CB,54CF1A663BC10F335915294F01622B98AD4E14E0AC5C73A9CC01F33F8072C9E5,54CF1A663BC10F335915294F01622B98AD4E14E0AC5C73A9CC01F33F8072C9E5,17823866
99DC80C0A63EE5FC0AFC4FC883266F7920C68BF51E5BBA701B7C40FAAF191BDB,D9E43CBC637448D77CBABBE791094D4914CFEBA9133EACBD27942D6F8EA157CA,D9E43CBC637448D77CBABBE791094D4914CFEBA9133EACBD27942D6F8EA157CA,18809287
99DC80C0A63EE5FC0AFC4FC883266F7920C68BF51E5BBA701B7C40FAD027A978,1FA38FA644F704FD1188A7EC66DC3AA0AB8AA139440B6B961B194DDBD6BEB918,1FA38FA644F704FD1188A7EC66DC3AA0AB8AA139440B6B961B194DDBD6BEB918,23702581
99DC80C0A63EE5FC0AFC4FC883266F7920C68BF51E5BBA701B7C40FAE6F9D587,CAA5FFD05EBBCD48731130455D56043C6DBCBF666E7192509A7C381EF32E114A,CAA5FFD05EBBCD48731130455D56043C6DBCBF666E7192509A7C381EF32E114A,16719243
99DC80C0A63EE5FC0AFC4FC883266F7920C68BF51E5BBA701B7C40FAC3D1A00C,EE7FCDEE76F75734175ED073395947F6E89A204B4FFC0FBF0AAEF694F2995F7D,EE7FCDEE76F75734175ED073395947F6E89A204B4FFC0FBF0AAEF694F2995F7D,15853795
99DC80C0A63EE5FC0AFC4FC883266F7920C68BF51E5BBA701B7C40FB058EECD6,3528DF21142971CEAC7B69C907695EBE4024BD6A694BD876E24259755E3DA579,3528DF21142971CEAC7B69C907695EBE4024BD6A694BD876E24259755E3DA579,16538857
99DC80C0A63EE5FC0AFC4FC883266F7920C68BF51E5BBA701B7C40FAC9FC9995,404B4B1487302F21BD7DD50EDD93C51975B883DBA47EB8CA04690C529A284731,404B4B1487302F21BD7DD50EDD93C51975B883DBA47EB8CA04690C529A284731,17598821
99DC80C0A63EE5FC0AFC4FC883266F7920C68BF51E5BBA701B7C40FAC64C3C55,CF3C784324DA926683A333023B580E000C4BEE623950B33E85FD07B3117A75A4,CF3C784324DA926683A333023B580E000C4BEE623950B33E85FD07B3117A75A4,18841426
99DC80C0A63EE5FC0AFC4FC883266F7920C68BF51E5BBA701B7C40FAD1534A05,AF66D6B963C981891C51928D3A04973CF2DA830A39D36966528AC6A86EDCC18D,AF66D6B963C981891C51928D3A04973CF2DA830A39D36966528AC6A86EDCC18D,21444263
99DC80C0A63EE5FC0AFC4FC883266F7920C68BF51E5BBA701B7C40FB0EF49DE9,4A5372239472C47D79308AEDC39477A762D5FC0DC3FCE05CD03637A72010EE12,4A5372239472C47D79308AEDC39477A762D5FC0DC3FCE05CD03637A72010EE12,20708282
99DC80C0A63EE5FC0AFC4FC883266F7920C68BF51E5BBA701B7C40FAFF235936,B226C1A33D02F4188491DDCF1A750BF42323CB597523E4B1A9EC16FDE31CC278,B226C1A33D02F4188491DDCF1A750BF42323CB597523E4B1A9EC16FDE31CC278,24063454
99DC80C0A63EE5FC0AFC4FC883266F7920C68BF51E5BBA701B7C40FAEE45E301,FCDD64D4B4AC1F5B1996F668069358E6432DA4B6A8F037B8F306B79F452EA407,FCDD64D4B4AC1F5B1996F668069358E6432DA4B6A8F037B8F306B79F452EA407,20882537
99DC80C0A63EE5FC0AFC4FC883266F7920C68BF51E5BBA701B7C40FAE17B375A,56ED75526C78239411C02829AA08AD8FAFB4B8E90D8EC6D7FAC8E18B6C869D86,56ED75526C78239411C02829AA08AD8FAFB4B8E90D8EC6D7FAC8E18B6C869D86,17839285
99DC80C0A63EE5FC0AFC4FC883266F7920C68BF51E5BBA701B7C40FAD2918388,40C3E8AC4AB8061FCE012833C0A5867ACF797346614E99C44D8A7F28141F1FA5,40C3E8AC4AB8061FCE012833C0A5867ACF797346614E99C44D8A7F28141F1FA5,16005053
99DC80C0A63EE5FC0AFC4FC883266F7920C68BF51E5BBA701B7C40FB05B8B464,19AC343A3508A890F78A556C28119E2DEC032F8D7848C2CE95076E71DA4249BA,19AC343A3508A890F78A556C28119E2DEC032F8D7848C2CE95076E71DA4249BA,17006279
99DC80C0A63EE5FC0AFC4FC883266F7920C68BF51E5BBA701B7C40FAD1BFC6C7,3545B21D36DB2A0676C9EBBA3A5419FC8FE5ACF2367A9FFF0AFECB5CD8C944E2,3545B21D36DB2A0676C9EBBA3A5419FC8FE5ACF2367A9FFF0AFECB5CD8C944E2,15121831
99DC80C0A63EE5FC0AFC4FC883266F7920C68BF51E5BBA701B7C40FB17652F8B,6D2BAFDEFF9126554B54BC8DFB956BAC01896A869F283EC6979CC3ADECEA00A0,6D2BAFDEFF9126554B54BC8DFB956BAC01896A869F283EC6979CC3ADECEA00A0,15210878
99DC80C0A63EE5FC0AFC4FC883266F7920C68BF51E5BBA701B7C40FAE4727E94,EC97FC1BCBA4A0F16F013C967E6B38EA0A78D13A2343C9B0EC09CB4C32483699,EC97FC1BCBA4A0F16F013C967E6B38EA0A78D13A2343C9B0EC09CB4C32483699,15335040
99DC80C0A63EE5FC0AFC4FC883266F7920C68BF51E5BBA701B7C40FB1AC632AB,FBAEBA9E95B02D1768D84C0CB3596C74024D95CFEDCF0E362522E29FED9977F4,FBAEBA9E95B02D1768D84C0CB3596C74024D95CFEDCF0E362522E29FED9977F4,20788110
99DC80C0A63EE5FC0AFC4FC883266F7920C68BF51E5BBA701B7C40FAEA01973D,6D4DC01420FDEFE54A42F60F99D9719FF34365CAD4A4CEA29A162BB051BFBD0,6D4DC01420FDEFE54A42F60F99D9719FF34365CAD4A4CEA29A162BB051BFBD0,16153170
99DC80C0A63EE5FC0AFC4FC883266F7920C68BF51E5BBA701B7C40FAF614FCEA,BF370AA6CB6FFB395851AA8C33D8DC891321CB55A77CB07AEA9DACE9A364B441,BF370AA6CB6FFB395851AA8C33D8DC891321CB55A77CB07AEA9DACE9A364B441,17121936
99DC80C0A63EE5FC0AFC4FC883266F7920C68BF51E5BBA701B7C40FAE0CF45C5,A838883F676E5246A4A9E73BC06BB2B8F0A3EEB4F794022AD67741AF343E969A,A838883F676E5246A4A9E73BC06BB2B8F0A3EEB4F794022AD67741AF343E969A,16631014
99DC80C0A63EE5FC0AFC4FC883266F7920C68BF51E5BBA701B7C40FABD76C8A2,DFCADAF90DEEC991360C684A079AF212FB3D34629462ED2403A9D711F7E54933,DFCADAF90DEEC991360C684A079AF212FB3D34629462ED2403A9D711F7E54933,22856972
99DC80C0A63EE5FC0AFC4FC883266F7920C68BF51E5BBA701B7C40FAFAEB4A1D,3294603AD60E9ADB15586DE2959756859F4AC77EAA7A5CA30AE17FB38A03D22,3294603AD60E9ADB15586DE2959756859F4AC77EAA7A5CA30AE17FB38A03D22,21174679
99DC80C0A63EE5FC0AFC4FC883266F7920C68BF51E5BBA701B7C40FAB3C2A237,43CB91177EEC2565F5E1881C7849B7CF81D44CEA72568EE0F1A690D1A4D56A7D,43CB91177EEC2565F5E1881C7849B7CF81D44CEA72568EE0F1A690D1A4D56A7D,18045429
99DC80C0A63EE5FC0AFC4FC883266F7920C68BF51E5BBA701B7C40FAD19D9443,D3CF85EE7556FAD68F631FD440E4104D0C263010FDD0BD395CBCA908141FD291,D3CF85EE7556FAD68F631FD440E4104D0C263010FDD0BD395CBCA908141FD291,17126122
99DC80C0A63EE5FC0AFC4FC883266F7920C68BF51E5BBA701B7C40FAB530D818,C71BD87F378A974190787ADC0D1F009C0FB0E72ECBB54865284ED8973B4B1E02,C71BD87F378A974190787ADC0D1F009C0FB0E72ECBB54865284ED8973B4B1E02,18931737
99DC80C0A63EE5FC0AFC4FC883266F7920C68BF51E5BBA701B7C40FB1AE4E921,626D5F34F2798DF3EAF8F7632AD66BD01AC0901475FCF48D9B1982FEA186CC40,626D5F34F2798DF3EAF8F7632AD66BD01AC0901475FCF48D9B1982FEA186CC40,18349587
99DC80C0A63EE5FC0AFC4FC883266F7920C68BF51E5BBA701B7C40FAD6460FD9,29E2785352464A1363263781E619538463B0D6DBE5FEABE2AD3A279F5E52A4DB,29E2785352464A1363263781E619538463B0D6DBE5FEABE2AD3A279F5E52A4DB,17943948
99DC80C0A63EE5FC0AFC4FC883266F7920C68BF51E5BBA701B7C40FAEAB76F54,611800723265F156546534B119632AC58719B0A2C06B094D75713DD20E46978E,611800723265F156546534B119632AC58719B0A2C06B094D75713DD20E46978E,16082445
99DC80C0A63EE5FC0AFC4FC883266F7920C68BF51E5BBA701B7C40FAAC97C8DD,401CFE6EE979D6B63F6CD517F4A3464FFAED654A21DE100BFE905EE31A87A784,401CFE6EE979D6B63F6CD517F4A3464FFAED654A21DE100BFE905EE31A87A784,17241697
99DC80C0A63EE5FC0AFC4FC883266F7920C68BF51E5BBA701B7C40FB280A1C07,7A1A9D0C32F824A032F91EFDA842E183781E5AB1249A578B42457015E46A6BBE,7A1A9D0C32F824A032F91EFDA842E183781E5AB1249A578B42457015E46A6BBE,15655788
99DC80C0A63EE5FC0AFC4FC883266F7920C68BF51E5BBA701B7C40FAAA76B2BB,79AE0A34E9B1FD32AFCBD97F0E65197927D99AD729BF20D7BA1627DEFABFECB8,79AE0A34E9B1FD32AFCBD97F0E65197927D99AD729BF20D7BA1627DEFABFECB8,16185652
99DC80C0A63EE5FC0AFC4FC883266F7920C68BF51E5BBA701B7C40FAF4DAD530,66C0A838306A90014046BC1D85423BB293EA381709F5CFFFB07A585B82173F70,66C0A838306A90014046BC1D85423BB293EA381709F5CFFFB07A585B82173F70,17533294
99DC80C0A63EE5FC0AFC4FC883266F7920C68BF51E5BBA701B7C40FABD12242A,2C1F12F2F7276156AA75EF7A76B077350D8D6A08371234B9AA5FF0630EDC2E6F,2C1F12F2F7276156AA75EF7A76B077350D8D6A08371234B9AA5FF0630EDC2E6F,15845401
99DC80C0A63EE5FC0AFC4FC883266F7920C68BF51E5BBA701B7C40FADE9D10B4,48E31A60A6EB7AE03FA6311A80E7877EA3ACA8544A3A176DB545ACF33672D841,48E31A60A6EB7AE03FA6311A80E7877EA3ACA8544A3A176DB545ACF33672D841,16721037
99DC80C0A63EE5FC0AFC4FC883266F7920C68BF51E5BBA701B7C40FB0AFED6C1,292F149A09BDFAEFDEAB59CD1BB82C7BECA1539E647C69B71E372B8586614903,292F149A09BDFAEFDEAB59CD1BB82C7BECA1539E647C69B71E372B8586614903,15218541
99DC80C0A63EE5FC0AFC4FC883266F7920C68BF51E5BBA701B7C40FAF49C46F1,2322F4873067320A222715DEAFC77BEE7DCE530CC21DD2AE07D50386EC6CF97E,2322F4873067320A222715DEAFC77BEE7DCE530CC21DD2AE07D50386EC6CF97E,14700232
99DC80C0A63EE5FC0AFC4FC883266F7920C68BF51E5BBA701B7C40FAF315BCAE,5B3E79231EFEACA81BADCF6C59099292265FF12F61F8372E0DDAE642D469E33,5B3E79231EFEACA81BADCF6C59099292265FF12F61F8372E0DDAE642D469E33,14750036
99DC80C0A63EE5FC0AFC4FC883266F7920C68BF51E5BBA701B7C40FAAEA48375,B2EC2F664E4C66DC01583792B2BF2403752FBC49EFD4E1A5CE01A4C8D232C5CF,B2EC2F664E4C66DC01583792B2BF2403752FBC49EFD4E1A5CE01A4C8D232C5CF,14570533
99DC80C0A63EE5FC0AFC4FC883266F7920C68BF51E5BBA701B7C40FB28E876E6,5AF8F5C98AA725EC1B0DE3B10272567C0DDA3F8A2A822B85BD9C2BDD23842B5F,5AF8F5C98AA725EC1B0DE3B10272567C0DDA3F8A2A822B85BD9C2BDD23842B5F,14644055
99DC80C0A63EE5FC0AFC4FC883266F7920C68BF51E5BBA701B7C40FAF54ABFA6,56A4ADB897BC248E89AB942E9AE238BAA2303A10603DFD42BAC93BF9D0BC7474,56A4ADB897BC248E89AB942E9AE238BAA2303A10603DFD42BAC93BF9D0BC7474,14901001
99DC80C0A63EE5FC0AFC4FC883266F7920C68BF51E5BBA701B7C40FAE1CA0D35,B5CF4B6B134D62DF84668B96A1D10AF15486D5A2044A8C029169C4E667C4454,B5CF4B6B134D62DF84668B96A1D10AF15486D5A2044A8C029169C4E667C4454,17178853
99DC80C0A63EE5FC0AFC4FC883266F7920C68BF51E5BBA701B7C40FB29D2C960,353F85566F120B1087A65C2C40A320D68C91FDD34D0E03E71D6B6E860E7B58BB,353F85566F120B1087A65C2C40A320D68C91FDD34D0E03E71D6B6E860E7B58BB,17582652
99DC80C0A63EE5FC0AFC4FC883266F7920C68BF51E5BBA701B7C40FAF8A8B4F4,B8886C527B74BC136080EA4C8D13ACC28920823875E799FC5F1DEBA37DC0EF78,B8886C527B74BC136080EA4C8D13ACC28920823875E799FC5F1DEBA37DC0EF78,17168954
99DC80C0A63EE5FC0AFC4FC883266F7920C68BF51E5BBA701B7C40FAEFDACA87,5AD1018AD9D29F8FB4861D7174E1B99C28789E2DAA0432DFBEFBA465651E87A6,5AD1018AD9D29F8FB4861D7174E1B99C28789E2DAA0432DFBEFBA465651E87A6,17321202
99DC80C0A63EE5FC0AFC4FC883266F7920C68BF51E5BBA701B7C40FAFD2997F7,F0858235B8510EE365D9C6539454B2A3F2489CEC19C4EE230E8F976ED25B73E9,F0858235B8510EE365D9C6539454B2A3F2489CEC19C4EE230E8F976ED25B73E9,21750863
99DC80C0A63EE5FC0AFC4FC883266F7920C68BF51E5BBA701B7C40FAE38FDED9,67B4B1C8A320A4EBCAC37DC4622D8992BA6E83BE4CA16661F3667F5E3FAB546,67B4B1C8A320A4EBCAC37DC4622D8992BA6E83BE4CA16661F3667F5E3FAB546,16588671
99DC80C0A63EE5FC0AFC4FC883266F7920C68BF51E5BBA701B7C40FABB48D2DE,1137F6EA1469195EBEF1274979F7B6438D97290CA3B98B8AADF2EE277E6947AB,1137F6EA1469195EBEF1274979F7B6438D97290CA3B98B8AADF2EE277E6947AB,16881611
99DC80C0A63EE5FC0AFC4FC883266F7920C68BF51E5BBA701B7C40FAEC578A42,38D0C15DE06C596EC400113E3B1C6122D4C1FCC43424445F6C7C583C4D2CA007,38D0C15DE06C596EC400113E3B1C6122D4C1FCC43424445F6C7C583C4D2CA007,15622964
99DC80C0A63EE5FC0AFC4FC883266F7920C68BF51E5BBA701B7C40FABF4DB07B,AA2C43D1686801C95D3591F862D772EDEF6FD77E71FBE6D640628569018E3E03,AA2C43D1686801C95D3591F862D772EDEF6FD77E71FBE6D640628569018E3E03,15198879
99DC80C0A63EE5FC0AFC4FC883266F7920C68BF51E5BBA701B7C40FAF95E9C30,455DD48333BC515D9554B46F5AB80F959C954E80268626F5FB90476D25E8A665,455DD48333BC515D9554B46F5AB80F959C954E80268626F5FB90476D25E8A665,16358908
99DC80C0A63EE5FC0AFC4FC883266F7920C68BF51E5BBA701B7C40FB001F27BD,815441F70744213B7B56528B9A2E4B4E33B3F7D0479899C08B9881546472566D,815441F70744213B7B56528B9A2E4B4E33B3F7D0479899C08B9881546472566D,15394060
99DC80C0A63EE5FC0AFC4FC883266F7920C68BF51E5BBA701B7C40FB0C33A374,A3CC3C33EFCFD9C3F3E60079E3168BB672ECFC1AF9F502F58D99760149BD5043,A3CC3C33EFCFD9C3F3E60079E3168BB672ECFC1AF9F502F58D99760149BD5043,14933435
99DC80C0A63EE5FC0AFC4FC883266F7920C68BF51E5BBA701B7C40FABC9CBA26,2083B7C3E60957C003A29A174F987A3DEAEC96F168972109720B449F8CC382E0,2083B7C3E60957C003A29A174F987A3DEAEC96F168972109720B449F8CC382E0,15194710
99DC80C0A63EE5FC0AFC4FC883266F7920C68BF51E5BBA701B7C40FB09F55268,EBC35686BE0DFE880343BA9B4FB8A52110570541DEB386C7797484C4D1534511,EBC35686BE0DFE880343BA9B4FB8A52110570541DEB386C7797484C4D1534511,16590286
99DC80C0A63EE5FC0AFC4FC883266F7920C68BF51E5BBA701B7C40FAB5F82A65,3B35990D7D50541AA76CFC19AAE813AE1FB6BC2AF72FF34EDC73E91AB6C053FB,3B35990D7D50541AA76CFC19AAE813AE1FB6BC2AF72FF34EDC73E91AB6C053FB,16515294
99DC80C0A63EE5FC0AFC4FC883266F7920C68BF51E5BBA701B7C40FB0A411C33,67047477B716EB4FEED8B17F44183C956285AF781C93EBFB5BD3BAF4D0A3679E,67047477B716EB4FEED8B17F44183C956285AF781C93EBFB5BD3BAF4D0A3679E,15924759
99DC80C0A63EE5FC0AFC4FC883266F7920C68BF51E5BBA701B7C40FB09C98564,28C06699E4158901B346817B3BDDC68526B86B0B745A4BBA8685EA84CFF6A000,28C06699E4158901B346817B3BDDC68526B86B0B745A4BBA8685EA84CFF6A000,16310952
99DC80C0A63EE5FC0AFC4FC883266F7920C68BF51E5BBA701B7C40FADF643213,3EFEE66859730D2E8A0E2F4D7050ADB4160E5C38B622DC5B2B2F1D93776DA776,3EFEE66859730D2E8A0E2F4D7050ADB4160E5C38B622DC5B2B2F1D93776DA776,16183670
99DC80C0A63EE5FC0AFC4FC883266F7920C68BF51E5BBA701B7C40FAF2374BA4,936312942B4AC84E5E822C2ED347F3CB0FCB2F86012DF7FA5AA4B206BBC94CE9,936312942B4AC84E5E822C2ED347F3CB0FCB2F86012DF7FA5AA4B206BBC94CE9,15731987
99DC80C0A63EE5FC0AFC4FC883266F7920C68BF51E5BBA701B7C40FB013662C8,9C724D41C561CDE9820E29A0D98F97D851F9F3E8A96FDC1482FE00C064577A81,9C724D41C561CDE9820E29A0D98F97D851F9F3E8A96FDC1482FE00C064577A81,16300802
99DC80C0A63EE5FC0AFC4FC883266F7920C68BF51E5BBA701B7C40FACE931572,43558366002341264626FB5D546E649DD51D99A8A0A9492FF2F2B6E30E1EEDFD,43558366002341264626FB5D546E649DD51D99A8A0A9492FF2F2B6E30E1EEDFD,15081800
99DC80C0A63EE5FC0AFC4FC883266F7920C68BF51E5BBA701B7C40FAB8A7FE59,23B24931FD9A5A87239AA2457CB8B28F6B79ECBC7D1082C9F1A9D618E5001EB6,23B24931FD9A5A87239AA2457CB8B28F6B79ECBC7D1082C9F1A9D618E5001EB6,16028443
99DC80C0A63EE5FC0AFC4FC883266F7920C68BF51E5BBA701B7C40FAD2F8FA17,72B4EFBFF5E2496AA5B05DCF91FFC2CE6F62226CD210D0A293845C67C7D58C26,72B4EFBFF5E2496AA5B05DCF91FFC2CE6F62226CD210D0A293845C67C7D58C26,15046899
99DC80C0A63EE5FC0AFC4FC883266F7920C68BF51E5BBA701B7C40FADC97CD7A,F6028F23C245F4C8D6D1F8FC6A2E31FE1A9260CE4E93CC426BABAE65C1F3BF0F,F6028F23C245F4C8D6D1F8FC6A2E31FE1A9260CE4E93CC426BABAE65C1F3BF0F,14694158
99DC80C0A63EE5FC0AFC4FC883266F7920C68BF51E5BBA701B7C40FB139EB8C5,26257B1061DF837BBE894D349BF6CEF2615BF9D03996AAA72BECDB13B817F28D,26257B1061DF837BBE894D349BF6CEF2615BF9D03996AAA72BECDB13B817F28D,14697520
99DC80C0A63EE5FC0AFC4FC883266F7920C68BF51E5BBA701B7C40FACF2DAE17,2FBC6EDA593207C60AD38F9B8152C4AFECA5200B0D6B801FDE54034BF238E414,2FBC6EDA593207C60AD38F9B8152C4AFECA5200B0D6B801FDE54034BF238E414,15268297
99DC80C0A63EE5FC0AFC4FC883266F7920C68BF51E5BBA701B7C40FB223AC9A8,1C130F68BCB068D6010413442CBD82D59238A17FFA4E940A590D49764D60825F,1C130F68BCB068D6010413442CBD82D59238A17FFA4E940A590D49764D60825F,16522427
99DC80C0A63EE5FC0AFC4FC883266F7920C68BF51E5BBA701B7C40FB14C00585,D2B0E1746AC68E73F2D26D9C2E197CC4ED9F42C859AA4C3C7AD728F4BCEB8D8B,D2B0E1746AC68E73F2D26D9C2E197CC4ED9F42C859AA4C3C7AD728F4BCEB8D8B,15968175
99DC80C0A63EE5FC0AFC4FC883266F7920C68BF51E5BBA701B7C40FAD53AFE1A,DE2E0F12D68EC3F02D4D5FB5FAF1E93E1767494C6DC05D690B6E1A1536C518DD,DE2E0F12D68EC3F02D4D5FB5FAF1E93E1767494C6DC05D690B6E1A1536C518DD,18109338
99DC80C0A63EE5FC0AFC4FC883266F7920C68BF51E5BBA701B7C40FB0D33BD23,5EE148FD12C72111DD5CF6189BC8B75196239F99148A55512B4AC18D4EC99C88,5EE148FD12C72111DD5CF6189BC8B75196239F99148A55512B4AC18D4EC99C88,24099368
99DC80C0A63EE5FC0AFC4FC883266F7920C68BF51E5BBA701B7C40FB112458A7,81B63A1CB57E0E215DA7B72ED297603A8FCD3EFF85F17132A32A1C6B6B0E0604,81B63A1CB57E0E215DA7B72ED297603A8FCD3EFF85F17132A32A1C6B6B0E0604,18541358
99DC80C0A63EE5FC0AFC4FC883266F7920C68BF51E5BBA701B7C40FAAAB6EF2A,49D23A98A2FE2B05E6DC8237D4B3D8DF69E7A1196EBACEB778CAB5FFFA3569A,49D23A98A2FE2B05E6DC8237D4B3D8DF69E7A1196EBACEB778CAB5FFFA3569A,15579032
99DC80C0A63EE5FC0AFC4FC883266F7920C68BF51E5BBA701B7C40FADEF8B01B,DEBF16AC0557048C1A9D4C430BA9F5E02D5CDCBC018AA2DE4378DEACAB133903,DEBF16AC0557048C1A9D4C430BA9F5E02D5CDCBC018AA2DE4378DEACAB133903,15519128
99DC80C0A63EE5FC0AFC4FC883266F7920C68BF51E5BBA701B7C40FAECC00FAE,B57FEF309FAF6EFB9878D585A8C35A5C9156690EF82C096EDC5E90829F60A4ED,B57FEF309FAF6EFB9878D585A8C35A5C9156690EF82C096EDC5E90829F60A4ED,16864716
99DC80C0A63EE5FC0AFC4FC883266F7920C68BF51E5BBA701B7C40FAAB5B2C84,938D7B6EA056FD0778673182CC6A8D937561FB628C10E7532E5EB7D9870D7765,938D7B6EA056FD0778673182CC6A8D937561FB628C10E7532E5EB7D9870D7765,16497273
99DC80C0A63EE5FC0AFC4FC883266F7920C68BF51E5BBA701B7C40FAE2ADC0E0,DCE11640EDD6960B4C67F688D623F234941F0F88F5AA5B4A4756AD0E820499B9,DCE11640EDD6960B4C67F688D623F234941F0F88F5AA5B4A4756AD0E820499B9,15699254
99DC80C0A63EE5FC0AFC4FC883266F7920C68BF51E5BBA701B7C40FAED6FA1AB,2B52E27293B105D9A2A9E493E853E1BF5D59B5991DB787FF145E125E33DC72FB,2B52E27293B105D9A2A9E493E853E1BF5D59B5991DB787FF145E125E33DC72FB,15959080
99DC80C0A63EE5FC0AFC4FC883266F7920C68BF51E5BBA701B7C40FB282D69C3,ABFD21D378D7EEFB56EAD4DAC2D1ED00ED3969CE3A82F645FCE51198BE897C73,ABFD21D378D7EEFB56EAD4DAC2D1ED00ED3969CE3A82F645FCE51198BE897C73,17230301
99DC80C0A63EE5FC0AFC4FC883266F7920C68BF51E5BBA701B7C40FB04756027,73DAD4A0C23A461107744E71E01B89BFAC7168BF07C18E100FFBBABC5E1F437F,73DAD4A0C23A461107744E71E01B89BFAC7168BF07C18E100FFBBABC5E1F437F,16382692
99DC80C0A63EE5FC0AFC4FC883266F7920C68BF51E5BBA701B7C40FAED701BA8,F29917F714F33E3C9CC30067FF1616393555CA77CD5B7D2F508497804A74E6E0,F29917F714F33E3C9CC30067FF1616393555CA77CD5B7D2F508497804A74E6E0,16637259
99DC80C0A63EE5FC0AFC4FC883266F7920C68BF51E5BBA701B7C40FAF6D7B4CE,4110D266B8F4CE7D4DAAB7B40CACC6CD01D1FE5985938E4DF390F91F92F7980C,4110D266B8F4CE7D4DAAB7B40CACC6CD01D1FE5985938E4DF390F91F92F7980C,15585775
99DC80C0A63EE5FC0AFC4FC883266F7920C68BF51E5BBA701B7C40FAEB419CEC,1B7ACE86CD98B70FE7F0FB43EBDE099D8664A136A10B3AE037BBC2FC74349420,1B7ACE86CD98B70FE7F0FB43EBDE099D8664A136A10B3AE037BBC2FC74349420,17398139
99DC80C0A63EE5FC0AFC4FC883266F7920C68BF51E5BBA701B7C40FB18C29DEC,AF022363F1C0DD8C59CAE84AF20FB59BA5FDFB03BA13D41C4F7636F51FDFD995,AF022363F1C0DD8C59CAE84AF20FB59BA5FDFB03BA13D41C4F7636F51FDFD995,15842032
99DC80C0A63EE5FC0AFC4FC883266F7920C68BF51E5BBA701B7C40FAED05167E,D3A5F226E2E382B0F7185A24C41247C2B889F8E3C327E2243374B0D9D7724883,D3A5F226E2E382B0F7185A24C41247C2B889F8E3C327E2243374B0D9D7724883,16189325
99DC80C0A63EE5FC0AFC4FC883266F7920C68BF51E5BBA701B7C40FABCFB2638,D076782D36D96D696C9270EB5BD7888E40E1651640A4FF2026C01FF6CD9BAD0E,D076782D36D96D696C9270EB5BD7888E40E1651640A4FF2026C01FF6CD9BAD0E,15441501
99DC80C0A63EE5FC0AFC4FC883266F7920C68BF51E5BBA701B7C40FAF66DADF3,4B29A69DD3D4853987F35737CB01E0A61312AE3F19D9E6B5944F4B51FC1D5DBE,4B29A69DD3D4853987F35737CB01E0A61312AE3F19D9E6B5944F4B51FC1D5DBE,15140947
99DC80C0A63EE5FC0AFC4FC883266F7920C68BF51E5BBA701B7C40FAFC607F3E,27E16EC309A758120C0F96EBF3CFB9FCB5D8391A21584C2C304CD62F3627C360,27E16EC309A758120C0F96EBF3CFB9FCB5D8391A21584C2C304CD62F3627C360,15215656
99DC80C0A63EE5FC0AFC4FC883266F7920C68BF51E5BBA701B7C40FAFC384EEB,66A2E47C91DC37E63DC7CB88AE091B1499038143AD6A8900E7E66B357FE0147F,66A2E47C91DC37E63DC7CB88AE091B1499038143AD6A8900E7E66B357FE0147F,14946819
99DC80C0A63EE5FC0AFC4FC883266F7920C68BF51E5BBA701B7C40FB0A0DC771,C3DB4DEBC79D10B70F631D3C2C1EF03EA463E3F37507A52AD16D38DF7BADD152,C3DB4DEBC79D10B70F631D3C2C1EF03EA463E3F37507A52AD16D38DF7BADD152,14754643
99DC80C0A63EE5FC0AFC4FC883266F7920C68BF51E5BBA701B7C40FAEF6B54C6,E6F0CCB2CC6B55BE7E2B93881C70ABF11542180BD5DF6727EF918D9AFA0A455A,E6F0CCB2CC6B55BE7E2B93881C70ABF11542180BD5DF6727EF918D9AFA0A455A,16330866
99DC80C0A63EE5FC0AFC4FC883266F7920C68BF51E5BBA701B7C40FB0F870BCF,5A3CBC95E20F73608048EEA67576F9B8BC2E1D1C622A1C35108E044FCA9E9F5,5A3CBC95E20F73608048EEA67576F9B8BC2E1D1C622A1C35108E044FCA9E9F5,16931722
99DC80C0A63EE5FC0AFC4FC883266F7920C68BF51E5BBA701B7C40FAC2F230B8,41CD0A8A806F71B2AA2AE3DC6E35765F59EE6412CC3767067B3D51157735AFFF,41CD0A8A806F71B2AA2AE3DC6E35765F59EE6412CC3767067B3D51157735AFFF,15910881
99DC80C0A63EE5FC0AFC4FC883266F7920C68BF51E5BBA701B7C40FB1EC571A1,63BDD6CB12EB2C5A1AFE69DCB1B3533EFE028C04B6F3E99E17FD95852F21832A,63BDD6CB12EB2C5A1AFE69DCB1B3533EFE028C04B6F3E99E17FD95852F21832A,15246146
99DC80C0A63EE5FC0AFC4FC883266F7920C68BF51E5BBA701B7C40FAB6FF5874,B117E236AC5E5DECB419FE3B2DD9AE4A5354F1DD2CBF0B951B29753294A5F96,B117E236AC5E5DECB419FE3B2DD9AE4A5354F1DD2CBF0B951B29753294A5F96,22827010
99DC80C0A63EE5FC0AFC4FC883266F7920C68BF51E5BBA701B7C40FAAECBB271,E5E64196DA1AFC9C6363EE640B3CF6A4450F19D43CD8C15526EDE974C44C5C8C,E5E64196DA1AFC9C6363EE640B3CF6A4450F19D43CD8C15526EDE974C44C5C8C,15987314
99DC80C0A63EE5FC0AFC4FC883266F7920C68BF51E5BBA701B7C40FB2347C6BD,E44B669B8C77C984FDB66BDEB1F1C0D9A802751F3686E682A79F81F9752FA51A,E44B669B8C77C984FDB66BDEB1F1C0D9A802751F3686E682A79F81F9752FA51A,16851118
99DC80C0A63EE5FC0AFC4FC883266F7920C68BF51E5BBA701B7C40FAB54A9AFE,CB10C9D5286ABA25D901B7FE5734CFB4C560900BF580BACEA4293B17AB909B87,CB10C9D5286ABA25D901B7FE5734CFB4C560900BF580BACEA4293B17AB909B87,15735128
99DC80C0A63EE5FC0AFC4FC883266F7920C68BF51E5BBA701B7C40FAF95E6954,E499C230C47B613512B1E02516733941246E8C17EB3432D4AD9097C645598F04,E499C230C47B613512B1E02516733941246E8C17EB3432D4AD9097C645598F04,16739824
99DC80C0A63EE5FC0AFC4FC883266F7920C68BF51E5BBA701B7C40FADD64B594,CF57ACCDD8BD9868EE4FE8A33E8BC31DBDFC5FE42FF3D469F06E96B2FCAAF0D7,CF57ACCDD8BD9868EE4FE8A33E8BC31DBDFC5FE42FF3D469F06E96B2FCAAF0D7,16078572
99DC80C0A63EE5FC0AFC4FC883266F7920C68BF51E5BBA701B7C40FB181D86D7,BCF3E4406B2C9AE734F4AFECF4050EFF88774FAF26650B0EACF1626E33521CC7,BCF3E4406B2C9AE734F4AFECF4050EFF88774FAF26650B0EACF1626E33521CC7,15556457
99DC80C0A63EE5FC0AFC4FC883266F7920C68BF51E5BBA701B7C40FAEEDC98CE,21CA9B0A3FBD2D6372747EB851CDA14891899ADE4DC4628803015A8A6ED5508B,21CA9B0A3FBD2D6372747EB851CDA14891899ADE4DC4628803015A8A6ED5508B,18511654
99DC80C0A63EE5FC0AFC4FC883266F7920C68BF51E5BBA701B7C40FAFDAA3B44,48B4BA5AFF7D9318752FA0BDECBB4C2DCFF3D5995F7686F5CBB8C690CA8E1E7E,48B4BA5AFF7D9318752FA0BDECBB4C2DCFF3D5995F7686F5CBB8C690CA8E1E7E,16084594
99DC80C0A63EE5FC0AFC4FC883266F7920C68BF51E5BBA701B7C40FAF3DCA55D,2728B2A7D11D180366E38A3C1F4CA9459A055BAA2570A35887D9084950BF5E55,2728B2A7D11D180366E38A3C1F4CA9459A055BAA2570A35887D9084950BF5E55,15776616
99DC80C0A63EE5FC0AFC4FC883266F7920C68BF51E5BBA701B7C40FAF33DAAF7,C6E221C9532F45B3EB7F27FE91E766BE204B9F998FC3A88B53EDDF059E433FE2,C6E221C9532F45B3EB7F27FE91E766BE204B9F998FC3A88B53EDDF059E433FE2,16509690
99DC80C0A63EE5FC0AFC4FC883266F7920C68BF51E5BBA701B7C40FB0FF3B81B,273FDE546E86E122EBA4407D9393080577C688A40AB4FCBB3D870A903D96BE0F,273FDE546E86E122EBA4407D9393080577C688A40AB4FCBB3D870A903D96BE0F,16225143
99DC80C0A63EE5FC0AFC4FC883266F7920C68BF51E5BBA701B7C40FB0B56C20F,1DD234355CC211836F5C6C7EBBE3A1D99A6F13799A3D1A5C42D938ABD79D66D2,1DD234355CC211836F5C6C7EBBE3A1D99A6F13799A3D1A5C42D938ABD79D66D2,16782183
99DC80C0A63EE5FC0AFC4FC883266F7920C68BF51E5BBA701B7C40FAE6C5215F,4F9803146FD5A30831DA50FED5108B63371BE42D64878CD65059B23B2A0A12FE,4F9803146FD5A30831DA50FED5108B63371BE42D64878CD65059B23B2A0A12FE,20645176
99DC80C0A63EE5FC0AFC4FC883266F7920C68BF51E5BBA701B7C40FAF4F9C957,623D312517F98541675B75A2B449754EC24072AFFD143DF3940C10731EF9D508,623D312517F98541675B75A2B449754EC24072AFFD143DF3940C10731EF9D508,22443945
99DC80C0A63EE5FC0AFC4FC883266F7920C68BF51E5BBA701B7C40FAE8E3F6F3,4E525AA5FC639A204ADCE21647D2B10B89B593C163AD7DD7339B96771E0A4913,4E525AA5FC639A204ADCE21647D2B10B89B593C163AD7DD7339B96771E0A4913,16934351
99DC80C0A63EE5FC0AFC4FC883266F7920C68BF51E5BBA701B7C40FB262391E8,4E7097D90E244C073F478217B2FFBBDE8510356FAAE5BA21F2F29D45D9A5DFB3,4E7097D90E244C073F478217B2FFBBDE8510356FAAE5BA21F2F29D45D9A5DFB3,14881761
99DC80C0A63EE5FC0AFC4FC883266F7920C68BF51E5BBA701B7C40FB1071BBF8,F57986B57A5837D9145E625EA84ACB2C21958BFD29B6AA088E36B4D11C33475,F57986B57A5837D9145E625EA84ACB2C21958BFD29B6AA088E36B4D11C33475,18080148
99DC80C0A63EE5FC0AFC4FC883266F7920C68BF51E5BBA701B7C40FABBF87DC8,E047687C304ACA78075DDFA6715C865A9D442BF20FCB60679AD96F95373272F8,E047687C304ACA78075DDFA6715C865A9D442BF20FCB60679AD96F95373272F8,15470480
99DC80C0A63EE5FC0AFC4FC883266F7920C68BF51E5BBA701B7C40FAEA25C859,E85EADF83DDFB5DE6E1149AE50698343135DC490D07BECF858232C40D78C8421,E85EADF83DDFB5DE6E1149AE50698343135DC490D07BECF858232C40D78C8421,16090135
99DC80C0A63EE5FC0AFC4FC883266F7920C68BF51E5BBA701B7C40FB18D38613,92207FEE8771F392E5EB227D9467CA98EF17088972CB58A19A1001A2792A2D77,92207FEE8771F392E5EB227D9467CA98EF17088972CB58A19A1001A2792A2D77,16178881
99DC80C0A63EE5FC0AFC4FC883266F7920C68BF51E5BBA701B7C40FADA37794A,BC0245F67D2D80E5323A157478A5ECE2AF7570B34CBB210C8705AE486B4E71F5,BC0245F67D2D80E5323A157478A5ECE2AF7570B34CBB210C8705AE486B4E71F5,16242620
99DC80C0A63EE5FC0AFC4FC883266F7920C68BF51E5BBA701B7C40FABBCB1628,7B1815B04A8E147D611E1FEE48BF48064416C8B159A5FA6D2601A679CB97172E,7B1815B04A8E147D611E1FEE48BF48064416C8B159A5FA6D2601A679CB97172E,15792666
99DC80C0A63EE5FC0AFC4FC883266F7920C68BF51E5BBA701B7C40FAF016ECCC,81132DA65008F905D77842BB6B3C61CFF2E531E38CB9CDC473F7F7F6B4127D21,81132DA65008F905D77842BB6B3C61CFF2E531E38CB9CDC473F7F7F6B4127D21,17057514
99DC80C0A63EE5FC0AFC4FC883266F7920C68BF51E5BBA701B7C40FAC40CEFA3,A04EF775B3C66ED0A99F87A4130024C801B93A1A7083D0ADED5DA80DFD72C58C,A04EF775B3C66ED0A99F87A4130024C801B93A1A7083D0ADED5DA80DFD72C58C,15949775
99DC80C0A63EE5FC0AFC4FC883266F7920C68BF51E5BBA701B7C40FB12BB03D5,A77C9B5840805B7A08D7C3FD3AA009F65CAFEBFEFD941084D0259946B3E20B8B,A77C9B5840805B7A08D7C3FD3AA009F65CAFEBFEFD941084D0259946B3E20B8B,21032554
99DC80C0A63EE5FC0AFC4FC883266F7920C68BF51E5BBA701B7C40FAC97453EF,41EB75CB8E37864ECCA6D5AFBE63640D039B3F263861EAEFFD2A530B5EDE32B8,41EB75CB8E37864ECCA6D5AFBE63640D039B3F263861EAEFFD2A530B5EDE32B8,15875088
99DC80C0A63EE5FC0AFC4FC883266F7920C68BF51E5BBA701B7C40FAB8DC0971,E8AE3031A554949C96088A5ABF09611E7704B0F7EDA93BCD011942C9A3D5CC3,E8AE3031A554949C96088A5ABF09611E7704B0F7EDA93BCD011942C9A3D5CC3,15635601
99DC80C0A63EE5FC0AFC4FC883266F7920C68BF51E5BBA701B7C40FAC3EEAE5E,1EB7D8D7EB563C8369DB494A014CEEB3947E6AC500DB62614B1874B107B57210,1EB7D8D7EB563C8369DB494A014CEEB3947E6AC500DB62614B1874B107B57210,17102581
99DC80C0A63EE5FC0AFC4FC883266F7920C68BF51E5BBA701B7C40FACF1F50AE,C0B837447047A6F717817114BF609B87411D256E23949ADD595993542817C7FD,C0B837447047A6F717817114BF609B87411D256E23949ADD595993542817C7FD,15424243
99DC80C0A63EE5FC0AFC4FC883266F7920C68BF51E5BBA701B7C40FB154874E8,83AD9972C046AC7DB03253278DB418F3600647BE1281CD4B9C57F6C0B685BED6,83AD9972C046AC7DB03253278DB418F3600647BE1281CD4B9C57F6C0B685BED6,16181542
99DC80C0A63EE5FC0AFC4FC883266F7920C68BF51E5BBA701B7C40FAF0AC47DF,92773EBD7D182CAB57B7B72052FE048A833DF5E2894226D026E5D1DB773A5656,92773EBD7D182CAB57B7B72052FE048A833DF5E2894226D026E5D1DB773A5656,16241916
99DC80C0A63EE5FC0AFC4FC883266F7920C68BF51E5BBA701B7C40FB180AB5BC,9D19212D962C1247BC0F2C0C971353D08A9018A753B6BD6C2ADEA6E90408C1C4,9D19212D962C1247BC0F2C0C971353D08A9018A753B6BD6C2ADEA6E90408C1C4,16275555
99DC80C0A63EE5FC0AFC4FC883266F7920C68BF51E5BBA701B7C40FADE080D5E,8E6E33995A8CA8DC1689F780BC581DF5AB972C1EF2150894253971F559249797,8E6E33995A8CA8DC1689F780BC581DF5AB972C1EF2150894253971F559249797,17312069
99DC80C0A63EE5FC0AFC4FC883266F7920C68BF51E5BBA701B7C40FB229FD4FC,B57C239296172E30590FF710D89B5A00651FECBB2AA70AD62C9DC12FD4013A44,B57C239296172E30590FF710D89B5A00651FECBB2AA70AD62C9DC12FD4013A44,16121077
99DC80C0A63EE5FC0AFC4FC883266F7920C68BF51E5BBA701B7C40FAEFDAE887,31E8DE35790E61CC3D0FBFB1E9C7A4AFDE2265BF8CC56E5E712FA880B8C0B3C8,31E8DE35790E61CC3D0FBFB1E9C7A4AFDE2265BF8CC56E5E712FA880B8C0B3C8,16805660
99DC80C0A63EE5FC0AFC4FC883266F7920C68BF51E5BBA701B7C40FB0CBCA00E,BBD2AE153653EA597DDF12239D87629D91BDE69B1793074C7FF6DFD21EAB7765,BBD2AE153653EA597DDF12239D87629D91BDE69B1793074C7FF6DFD21EAB7765,16572526
99DC80C0A63EE5FC0AFC4FC883266F7920C68BF51E5BBA701B7C40FB08FED15A,37577892965A67533373B806E3209D3507A62B7C7AA37D50CF7470EDEB0D34F,37577892965A67533373B806E3209D3507A62B7C7AA37D50CF7470EDEB0D34F,15685171
99DC80C0A63EE5FC0AFC4FC883266F7920C68BF51E5BBA701B7C40FAF2D89B29,2E4F056E199A8E829D2C15543B79DC5BBF8352CC61F663B31A4F3079DB23BB3A,2E4F056E199A8E829D2C15543B79DC5BBF8352CC61F663B31A4F3079DB23BB3A,17384552
99DC80C0A63EE5FC0AFC4FC883266F7920C68BF51E5BBA701B7C40FAD70751BE,2092227E15008AA5F806BC64B3214FC0AE3CFB9FF5BA01AC71C93906DB8AB9C9,2092227E15008AA5F806BC64B3214FC0AE3CFB9FF5BA01AC71C93906DB8AB9C9,16262524
99DC80C0A63EE5FC0AFC4FC883266F7920C68BF51E5BBA701B7C40FAF25B11BC,696682FFF2AC3E1D8785A18512B70FC6799CAAFAC31614D0FD92C91A97D89B0A,696682FFF2AC3E1D8785A18512B70FC6799CAAFAC31614D0FD92C91A97D89B0A,15890476
99DC80C0A63EE5FC0AFC4FC883266F7920C68BF51E5BBA701B7C40FAB07FAD1A,A5CE540EAE7EC667AA4F447613A474D0BDE22F80BF7958E2A3D6DD10D00276BE,A5CE540EAE7EC667AA4F447613A474D0BDE22F80BF7958E2A3D6DD10D00276BE,17240746
99DC80C0A63EE5FC0AFC4FC883266F7920C68BF51E5BBA701B7C40FAB7390392,B32F3A233BF34906A61C4F7060D2CBA2BA78FDBED8484C921C95C4ABA629D78A,B32F3A233BF34906A61C4F7060D2CBA2BA78FDBED8484C921C95C4ABA629D78A,17818269
99DC80C0A63EE5FC0AFC4FC883266F7920C68BF51E5BBA701B7C40FAFF9AC569,CC6059DA218C1D3A7BCD0153C22BA9E63ABD2FCB9C254E656AF57C4E172111A6,CC6059DA218C1D3A7BCD0153C22BA9E63ABD2FCB9C254E656AF57C4E172111A6,27017222
99DC80C0A63EE5FC0AFC4FC883266F7920C68BF51E5BBA701B7C40FAD8ACCEA7,829AA70A83791F3153B6946313AF8AC0B2393E988B82F30C96E14863F1BADD00,829AA70A83791F3153B6946313AF8AC0B2393E988B82F30C96E14863F1BADD00,18272339
99DC80C0A63EE5FC0AFC4FC883266F7920C68BF51E5BBA701B7C40FB006150D7,15F59183460AB1B185F80F48A1E8FC02448841EB6D7F19F7436DE2DB3E8C23C8,15F59183460AB1B185F80F48A1E8FC02448841EB6D7F19F7436DE2DB3E8C23C8,19385004
99DC80C0A63EE5FC0AFC4FC883266F7920C68BF51E5BBA701B7C40FAB38AF8B1,E79D2CC1DD4CE904B2F1666D09ECC9709D714BEC0DD8E770F21A93FDF360CFA1,E79D2CC1DD4CE904B2F1666D09ECC9709D714BEC0DD8E770F21A93FDF360CFA1,16138327
99DC80C0A63EE5FC0AFC4FC883266F7920C68BF51E5BBA701B7C40FAD9C38744,7FCF0D0F4C7DBA669E6DE91B173E51F5FA4635F7A8186295B9502B77AC7441AA,7FCF0D0F4C7DBA669E6DE91B173E51F5FA4635F7A8186295B9502B77AC7441AA,16490668
99DC80C0A63EE5FC0AFC4FC883266F7920C68BF51E5BBA701B7C40FAAF7683AD,F96C0C79A2B6DC7439757A5416F3CB0C9BECADA4B3056D61D04DEEBCA72CFB42,F96C0C79A2B6DC7439757A5416F3CB0C9BECADA4B3056D61D04DEEBCA72CFB42,16060487
99DC80C0A63EE5FC0AFC4FC883266F7920C68BF51E5BBA701B7C40FAAF16A4E6,C7D8FD43266C8262E2469182D4AEA9681AFD0D6193035AEBBF6F52D718412108,C7D8FD43266C8262E2469182D4AEA9681AFD0D6193035AEBBF6F52D718412108,16625766
99DC80C0A63EE5FC0AFC4FC883266F7920C68BF51E5BBA701B7C40FB1AE2CDA8,5076D4DCC5AFE49AD826F0EA31EFA27509AC8B451007D4646A39E8A4ACFF304B,5076D4DCC5AFE49AD826F0EA31EFA27509AC8B451007D4646A39E8A4ACFF304B,21350556
99DC80C0A63EE5FC0AFC4FC883266F7920C68BF51E5BBA701B7C40FAD80FDDCF,B857D27EAB90B3AB41710E9B91513B63411991430D2300233B93E07729F263CC,B857D27EAB90B3AB41710E9B91513B63411991430D2300233B93E07729F263CC,16210242
99DC80C0A63EE5FC0AFC4FC883266F7920C68BF51E5BBA701B7C40FB1E04664A,3E895FCF69B31C914251FD9DBD5A75F72349C6C2A81C639C0994090FCC56725B,3E895FCF69B31C914251FD9DBD5A75F72349C6C2A81C639C0994090FCC56725B,17445019
99DC80C0A63EE5FC0AFC4FC883266F7920C68BF51E5BBA701B7C40FB0E0B4DAC,B9D949A84D7CD270C097A34ED0C083EF533C93409F963EB0B9A426F7E13A0195,B9D949A84D7CD270C097A34ED0C083EF533C93409F963EB0B9A426F7E13A0195,17147744
99DC80C0A63EE5FC0AFC4FC883266F7920C68BF51E5BBA701B7C40FB1C0E0BB4,A564469979A2B98DCE87A1CB58FEDD28FC59F9D1EE1CD5FC0CD945B3BE93787E,A564469979A2B98DCE87A1CB58FEDD28FC59F9D1EE1CD5FC0CD945B3BE93787E,15900842
99DC80C0A63EE5FC0AFC4FC883266F7920C68BF51E5BBA701B7C40FB0847F7D5,F6A3A3C8E58E361E53CE7B39C744599F635BBD3DFDA8EE8D1E5CA258B23A4656,F6A3A3C8E58E361E53CE7B39C744599F635BBD3DFDA8EE8D1E5CA258B23A4656,17032689
99DC80C0A63EE5FC0AFC4FC883266F7920C68BF51E5BBA701B7C40FB2362EC5B,B51CF451B8824586875546EFF7A7B4D986CC6424BCC54CF5D7F326DAAB3D2826,B51CF451B8824586875546EFF7A7B4D986CC6424BCC54CF5D7F326DAAB3D2826,16855450
99DC80C0A63EE5FC0AFC4FC883266F7920C68BF51E5BBA701B7C40FAD9BA353D,26D16C039880417A2D9F0E14E32BD70A4BB047FD3FE9EC3E8CA256F6AB0D7514,26D16C039880417A2D9F0E14E32BD70A4BB047FD3FE9EC3E8CA256F6AB0D7514,15907059
99DC80C0A63EE5FC0AFC4FC883266F7920C68BF51E5BBA701B7C40FB20C464C2,68C5CCE50E089A40DB07C5F1EC0BB54E606C952DBABB3D7B39E421302CD896C9,68C5CCE50E089A40DB07C5F1EC0BB54E606C952DBABB3D7B39E421302CD896C9,15553658
99DC80C0A63EE5FC0AFC4FC883266F7920C68BF51E5BBA701B7C40FAAFCC609A,DFB4C3E3E4321799BD52E88BA3CE2E4FF86DBC7C5D0E5271654E6EE5638282A5,DFB4C3E3E4321799BD52E88BA3CE2E4FF86DBC7C5D0E5271654E6EE5638282A5,16725815
99DC80C0A63EE5FC0AFC4FC883266F7920C68BF51E5BBA701B7C40FB09ABFDFE,EB2CC692AEDCDEF222E7C6EFA047199125FEE27B99D2F59580ABC67EE81B3D8F,EB2CC692AEDCDEF222E7C6EFA047199125FEE27B99D2F59580ABC67EE81B3D8F,15644046
99DC80C0A63EE5FC0AFC4FC883266F7920C68BF51E5BBA701B7C40FB24B4D496,DD2DAE13723981FFE96F347579DB2DED86F5C6BDB422936FBC68F6A14A34A29B,DD2DAE13723981FFE96F347579DB2DED86F5C6BDB422936FBC68F6A14A34A29B,15141642
99DC80C0A63EE5FC0AFC4FC883266F7920C68BF51E5BBA701B7C40FAB903FD1C,9D0C79C3959470BC3C300F7F7081F23B6403A9A659B14927F43DBF3E1EB29DCD,9D0C79C3959470BC3C300F7F7081F23B6403A9A659B14927F43DBF3E1EB29DCD,15851176
99DC80C0A63EE5FC0AFC4FC883266F7920C68BF51E5BBA701B7C40FAB82F4CA0,41BD2EC95D7CCEF9D868891359FABF94F08426ED6A4CF546B44954BF22416032,41BD2EC95D7CCEF9D868891359FABF94F08426ED6A4CF546B44954BF22416032,14708251
99DC80C0A63EE5FC0AFC4FC883266F7920C68BF51E5BBA701B7C40FAD4822396,A35A14E2D7F354738E617EFD3BE5A2CEF0C3F010C2CF647225E5CCDE54F404AA,A35A14E2D7F354738E617EFD3BE5A2CEF0C3F010C2CF647225E5CCDE54F404AA,14243536
99DC80C0A63EE5FC0AFC4FC883266F7920C68BF51E5BBA701B7C40FAB3439672,A8CFC6210E0E63F5B45F3837AD5D40E30910C49BD0A2B20BC76992AE5515C9A5,A8CFC6210E0E63F5B45F3837AD5D40E30910C49BD0A2B20BC76992AE5515C9A5,20856129
99DC80C0A63EE5FC0AFC4FC883266F7920C68BF51E5BBA701B7C40FAE4235E3C,DF5FE6F018C076AEFD19FE739A1F153B1C6AE384B9BE58785D6D4BD45FCC72B7,DF5FE6F018C076AEFD19FE739A1F153B1C6AE384B9BE58785D6D4BD45FCC72B7,16661866
99DC80C0A63EE5FC0AFC4FC883266F7920C68BF51E5BBA701B7C40FAE199A916,DE48B4FF633047A429B605814B30B77408B8C3C378BA3CA127223728CB75C548,DE48B4FF633047A429B605814B30B77408B8C3C378BA3CA127223728CB75C548,16201880
99DC80C0A63EE5FC0AFC4FC883266F7920C68BF51E5BBA701B7C40FB23A951EB,B4CBFBF40A2B2B4D2DD9B4036F2D6157B312AF5128261C3C33EF79F4B6822371,B4CBFBF40A2B2B4D2DD9B4036F2D6157B312AF5128261C3C33EF79F4B6822371,16474342
99DC80C0A63EE5FC0AFC4FC883266F7920C68BF51E5BBA701B7C40FAE9334DCC,AF2728F955C843C5831984FE6EAA67026FDBB48236CFCF92D1112AE0FF60EB9,AF2728F955C843C5831984FE6EAA67026FDBB48236CFCF92D1112AE0FF60EB9,16221682
99DC80C0A63EE5FC0AFC4FC883266F7920C68BF51E5BBA701B7C40FAEE3684C1,2078A91298ACBD0FBBB0A5BA69EDCB4E8AD7563A000F9069C29B95A9EFF46B88,2078A91298ACBD0FBBB0A5BA69EDCB4E8AD7563A000F9069C29B95A9EFF46B88,15951306
99DC80C0A63EE5FC0AFC4FC883266F7920C68BF51E5BBA701B7C40FB087177DE,3CD7FB29A806B44D6C55EA48A8425591709BB2845BC7131512C7442BE78360E3,3CD7FB29A806B44D6C55EA48A8425591709BB2845BC7131512C7442BE78360E3,16249832
99DC80C0A63EE5FC0AFC4FC883266F7920C68BF51E5BBA701B7C40FAD6C5166E,96EE8E9A2E63C3124E2369095A45A9AA2123B670FE11BE391A4E6633F02E6532,96EE8E9A2E63C3124E2369095A45A9AA2123B670FE11BE391A4E6633F02E6532,16497873
99DC80C0A63EE5FC0AFC4FC883266F7920C68BF51E5BBA701B7C40FAE66959F3,B4A9022DEE8E7347033200C033F207CA0C054183F6057C00EDA2B1110B5B0770,B4A9022DEE8E7347033200C033F207CA0C054183F6057C00EDA2B1110B5B0770,15707453
99DC80C0A63EE5FC0AFC4FC883266F7920C68BF51E5BBA701B7C40FB07899B7F,2849F5E43EB7EA3076BF7F4A92BF54BA9DAC937190A3EC17B23D2FECCB4E7FFB,2849F5E43EB7EA3076BF7F4A92BF54BA9DAC937190A3EC17B23D2FECCB4E7FFB,19206820
99DC80C0A63EE5FC0AFC4FC883266F7920C68BF51E5BBA701B7C40FAF945A239,E8E387C718044351F83C5629B94E44AEFA8A1CCBA378C8E8318D8765E193BB6D,E8E387C718044351F83C5629B94E44AEFA8A1CCBA378C8E8318D8765E193BB6D,14855636
99DC80C0A63EE5FC0AFC4FC883266F7920C68BF51E5BBA701B7C40FAC8BE059A,20418480E1E1EDA9FF335355BC964A7B4E526002B6E9126BA15AB188CA5455E2,20418480E1E1EDA9FF335355BC964A7B4E526002B6E9126BA15AB188CA5455E2,14797379
99DC80C0A63EE5FC0AFC4FC883266F7920C68BF51E5BBA701B7C40FAB097B243,99BA154EA85CB18DAF4E2CE3B8E03DEA829253CAF62FCCA47106AC4E6C8C9E26,99BA154EA85CB18DAF4E2CE3B8E03DEA829253CAF62FCCA47106AC4E6C8C9E26,15082426
99DC80C0A63EE5FC0AFC4FC883266F7920C68BF51E5BBA701B7C40FAE44B15B1,9D11E507DC37BCF2479FE2920F0B2508192A2394E5EE24F7745719B267F099A0,9D11E507DC37BCF2479FE2920F0B2508192A2394E5EE24F7745719B267F099A0,15114288
99DC80C0A63EE5FC0AFC4FC883266F7920C68BF51E5BBA701B7C40FAC1DC0C12,E9F788828903ACF5477AFE00CC6CB070B22732D74765FABAA327B9F645071F05,E9F788828903ACF5477AFE00CC6CB070B22732D74765FABAA327B9F645071F05,16545236
99DC80C0A63EE5FC0AFC4FC883266F7920C68BF51E5BBA701B7C40FAEC4C6D75,9B8169963EAB452F52B8F657F7C072C557FA07844E4367851DFC0D6907706FE9,9B8169963EAB452F52B8F657F7C072C557FA07844E4367851DFC0D6907706FE9,21791706
99DC80C0A63EE5FC0AFC4FC883266F7920C68BF51E5BBA701B7C40FAC283B385,C88F94769089033E667090DF36D40524B1928A3F48089DB42F2B7A8CFE4BF917,C88F94769089033E667090DF36D40524B1928A3F48089DB42F2B7A8CFE4BF917,22676702
99DC80C0A63EE5FC0AFC4FC883266F7920C68BF51E5BBA701B7C40FAB527FA49,C578EE6BDAFD9DE595DA767548D3EC004A070F34E93D469E404327EA4DBA02B0,C578EE6BDAFD9DE595DA767548D3EC004A070F34E93D469E404327EA4DBA02B0,18843892
99DC80C0A63EE5FC0AFC4FC883266F7920C68BF51E5BBA701B7C40FB030151E4,A9E0F5B0A3DA68FD3BC07EB06973DB60B2A6394B6DD8AC0521DCEF522D499715,A9E0F5B0A3DA68FD3BC07EB06973DB60B2A6394B6DD8AC0521DCEF522D499715,17508779
99DC80C0A63EE5FC0AFC4FC883266F7920C68BF51E5BBA701B7C40FAC5C46E36,9C7284C8D18B2F90402B06AFF17FD211D22ABE7A2D18F46B442A54FF580644E5,9C7284C8D18B2F90402B06AFF17FD211D22ABE7A2D18F46B442A54FF580644E5,16427438
99DC80C0A63EE5FC0AFC4FC883266F7920C68BF51E5BBA701B7C40FAF76628E5,56FEBE97B1E40C6340CA847749659B91C55128ADCAF6E7FA46ADD4ACCD4B4759,56FEBE97B1E40C6340CA847749659B91C55128ADCAF6E7FA46ADD4ACCD4B4759,17371094
99DC80C0A63EE5FC0AFC4FC883266F7920C68BF51E5BBA701B7C40FAB9B85268,B2EA9A765D7AECC93AA943742876FE19478F6BA1B37551C36760C92AE0E78D32,B2EA9A765D7AECC93AA943742876FE19478F6BA1B37551C36760C92AE0E78D32,16777740
99DC80C0A63EE5FC0AFC4FC883266F7920C68BF51E5BBA701B7C40FAE1063B48,9516CAE8EBE5A8C1D18CA19A29A88900BD03F71B734B970CBA1DB7FD4B6024F1,9516CAE8EBE5A8C1D18CA19A29A88900BD03F71B734B970CBA1DB7FD4B6024F1,16193887
99DC80C0A63EE5FC0AFC4FC883266F7920C68BF51E5BBA701B7C40FAC89FBB00,FD61EEB500E3F89566EDE9D6F8EFBF5710F63EC8473489FBB649DB511C865BEC,FD61EEB500E3F89566EDE9D6F8EFBF5710F63EC8473489FBB649DB511C865BEC,16374121
99DC80C0A63EE5FC0AFC4FC883266F7920C68BF51E5BBA701B7C40FB1098AA8C,83B53A63AAF3ED73608D75FBDBA4B74E5746498DA3C589C5F0F529C4D664DD7E,83B53A63AAF3ED73608D75FBDBA4B74E5746498DA3C589C5F0F529C4D664DD7E,17655470
99DC80C0A63EE5FC0AFC4FC883266F7920C68BF51E5BBA701B7C40FAB046CCEA,EFA3162EE6174A946391C22E2B8625C94EC127913E7435774399C8A44AEC2519,EFA3162EE6174A946391C22E2B8625C94EC127913E7435774399C8A44AEC2519,15755285
99DC80C0A63EE5FC0AFC4FC883266F7920C68BF51E5BBA701B7C40FADF4D8C1E,82E248D03AB671E20908C3280C946B98D79DFD2C0E7D473ABC79ECEAF011B3B4,82E248D03AB671E20908C3280C946B98D79DFD2C0E7D473ABC79ECEAF011B3B4,17176902
99DC80C0A63EE5FC0AFC4FC883266F7920C68BF51E5BBA701B7C40FAFB8364CC,B61ECE0E49295E2981846CB2BF9E159ECFF26F2092D31C265BB6AA9C80969496,B61ECE0E49295E2981846CB2BF9E159ECFF26F2092D31C265BB6AA9C80969496,17692371
99DC80C0A63EE5FC0AFC4FC883266F7920C68BF51E5BBA701B7C40FAC4AC0BDA,BE271664BD0B6B9A1F6EA762F89F8F30F0BB6B6E563745395AF49DEC62152ABA,BE271664BD0B6B9A1F6EA762F89F8F30F0BB6B6E563745395AF49DEC62152ABA,17422407
99DC80C0A63EE5FC0AFC4FC883266F7920C68BF51E5BBA701B7C40FAD2DDC918,8EB692F44805750E47A9E637D021D7E5612CE097624217AA8E618DE23321E1D7,8EB692F44805750E47A9E637D021D7E5612CE097624217AA8E618DE23321E1D7,17852393
99DC80C0A63EE5FC0AFC4FC883266F7920C68BF51E5BBA701B7C40FB0E8D7E58,68005FB4EA9ED0B9657A672270BE00043EF6DBA835DB18332C28F4491FF9DE8F,68005FB4EA9ED0B9657A672270BE00043EF6DBA835DB18332C28F4491FF9DE8F,17958751
99DC80C0A63EE5FC0AFC4FC883266F7920C68BF51E5BBA701B7C40FAEFC43166,B801B00ADFC3F079D845E5FF032D8324A6F989074243137FB43CE3DD31FBD1DF,B801B00ADFC3F079D845E5FF032D8324A6F989074243137FB43CE3DD31FBD1DF,18037829
99DC80C0A63EE5FC0AFC4FC883266F7920C68BF51E5BBA701B7C40FAFAC53341,136F683A90367740A037235D49C418906B0B3D22392E5379FD67B0BB34256149,136F683A90367740A037235D49C418906B0B3D22392E5379FD67B0BB34256149,16404684
99DC80C0A63EE5FC0AFC4FC883266F7920C68BF51E5BBA701B7C40FB10B51A81,ECBCFCDD19975E3C86FE610B0AD5E797D601AE9B0731F7DCD93F461F1D29B48D,ECBCFCDD19975E3C86FE610B0AD5E797D601AE9B0731F7DCD93F461F1D29B48D,16952460
99DC80C0A63EE5FC0AFC4FC883266F7920C68BF51E5BBA701B7C40FAC012CE5E,FEA941D37440A2757FBBEB53F88370CEA91A1FD0C48D0726E12C29FEF5E9ED13,FEA941D37440A2757FBBEB53F88370CEA91A1FD0C48D0726E12C29FEF5E9ED13,19628830
99DC80C0A63EE5FC0AFC4FC883266F7920C68BF51E5BBA701B7C40FAAFD2208E,9FFF91F997D1149E23084B7787892FF498270CC25564B12300BBCD9B0B788E2,9FFF91F997D1149E23084B7787892FF498270CC25564B12300BBCD9B0B788E2,16682319
99DC80C0A63EE5FC0AFC4FC883266F7920C68BF51E5BBA701B7C40FB1F5955C1,1A10FC3CE3FDABC505DCA2CF4C5B488633A9ACD97D7AA1E307E9C812EAFF187D,1A10FC3CE3FDABC505DCA2CF4C5B488633A9ACD97D7AA1E307E9C812EAFF187D,15551308
99DC80C0A63EE5FC0AFC4FC883266F7920C68BF51E5BBA701B7C40FAE03EF7E2,E7D941443AD09AF95FECEAFD11E982A85897239C077B46079D5AF591172064F6,E7D941443AD09AF95FECEAFD11E982A85897239C077B46079D5AF591172064F6,15848418
99DC80C0A63EE5FC0AFC4FC883266F7920C68BF51E5BBA701B7C40FAB707E421,1228A6579FC0348D9E9CC72ACAC1B8A8B5DAC57CB690A265CAC48E82FFDED280,1228A6579FC0348D9E9CC72ACAC1B8A8B5DAC57CB690A265CAC48E82FFDED280,16836655
99DC80C0A63EE5FC0AFC4FC883266F7920C68BF51E5BBA701B7C40FAAA9BE13F,13D5CED047B8CA6ED3A4F40BB10689380600E5F0C7E9F5D82C98FA0FEA800FAE,13D5CED047B8CA6ED3A4F40BB10689380600E5F0C7E9F5D82C98FA0FEA800FAE,16017928
99DC80C0A63EE5FC0AFC4FC883266F7920C68BF51E5BBA701B7C40FB0DB82FFB,DA9E371FDA853095D97A354FFE59CA7CF033517A1A70BDFEE870C3A3DE3C8A7A,DA9E371FDA853095D97A354FFE59CA7CF033517A1A70BDFEE870C3A3DE3C8A7A,15971193
99DC80C0A63EE5FC0AFC4FC883266F7920C68BF51E5BBA701B7C40FB0E47A742,A18949B1FB3469F7CC0551D3940545992D36E26A31B4CB57329274A8937B44B6,A18949B1FB3469F7CC0551D3940545992D36E26A31B4CB57329274A8937B44B6,16359014
99DC80C0A63EE5FC0AFC4FC883266F7920C68BF51E5BBA701B7C40FB0A2142C0,19D6E713A9074BB835288DDE738402F45EAFC7AF4D856AA3C8434FCB4EF7B9CD,19D6E713A9074BB835288DDE738402F45EAFC7AF4D856AA3C8434FCB4EF7B9CD,15916805
99DC80C0A63EE5FC0AFC4FC883266F7920C68BF51E5BBA701B7C40FB1305190C,A01A9D90400C67AE5027C1A2019AF2CBB981720028B4E0DD0687AA4009541FA,A01A9D90400C67AE5027C1A2019AF2CBB981720028B4E0DD0687AA4009541FA,15988427
99DC80C0A63EE5FC0AFC4FC883266F7920C68BF51E5BBA701B7C40FAC3E276F5,C1CCA86A2CE04EF56A2AC0620FA6BA2572AB2FB7388F28FD6CF7397ED54DD0A3,C1CCA86A2CE04EF56A2AC0620FA6BA2572AB2FB7388F28FD6CF7397ED54DD0A3,16521000
99DC80C0A63EE5FC0AFC4FC883266F7920C68BF51E5BBA701B7C40FAB102991B,573A61A0DFA9DFFC72748E1C728923F9BDBC71E7B8D23C218D82877DB8355EEA,573A61A0DFA9DFFC72748E1C728923F9BDBC71E7B8D23C218D82877DB8355EEA,15922393
99DC80C0A63EE5FC0AFC4FC883266F7920C68BF51E5BBA701B7C40FAD4B908D0,317A30C95EFD2EF75546599C50952A7EE299CD96D3D4D41ECD8C5CA5E144C0B8,317A30C95EFD2EF75546599C50952A7EE299CD96D3D4D41ECD8C5CA5E144C0B8,15476951
99DC80C0A63EE5FC0AFC4FC883266F7920C68BF51E5BBA701B7C40FAEE167FA5,FC753BFE7AD182928B77A50A560E2351E5E5AEA42BE95118A05DE69FD73D73E1,FC753BFE7AD182928B77A50A560E2351E5E5AEA42BE95118A05DE69FD73D73E1,15691225
99DC80C0A63EE5FC0AFC4FC883266F7920C68BF51E5BBA701B7C40FABD945A69,571AA6A0781B7327A473FB8CBAA42073BBC71196DAC41EFAF3F27A02556D0474,571AA6A0781B7327A473FB8CBAA42073BBC71196DAC41EFAF3F27A02556D0474,16012892
99DC80C0A63EE5FC0AFC4FC883266F7920C68BF51E5BBA701B7C40FB1398C4B2,E8A3FBC9B907AF1DF7729CCAF951265A63F30F7F86B5D67AF9435DD56CC96EED,E8A3FBC9B907AF1DF7729CCAF951265A63F30F7F86B5D67AF9435DD56CC96EED,15742452
99DC80C0A63EE5FC0AFC4FC883266F7920C68BF51E5BBA701B7C40FB20F5EB4C,97EF76C97092EEC94EBBCEEE64166A5349A7B7BAE4E0B39C476F18C805724AF,97EF76C97092EEC94EBBCEEE64166A5349A7B7BAE4E0B39C476F18C805724AF,15453414
99DC80C0A63EE5FC0AFC4FC883266F7920C68BF51E5BBA701B7C40FB06BCF079,2CD873D84A493AD1564BD4655C71B0A803EE0242E42ED1E02BCC8814CF63D63E,2CD873D84A493AD1564BD4655C71B0A803EE0242E42ED1E02BCC8814CF63D63E,16904004
99DC80C0A63EE5FC0AFC4FC883266F7920C68BF51E5BBA701B7C40FB23CF92CA,6F4EB125FD8931D50B1B6CB30C6045BBB2DD1FB675058F01EE34011166EB9EDB,6F4EB125FD8931D50B1B6CB30C6045BBB2DD1FB675058F01EE34011166EB9EDB,16128068
99DC80C0A63EE5FC0AFC4FC883266F7920C68BF51E5BBA701B7C40FAAAF73788,8DE6F65532B81DFA49FB1DD2A07F6BCE7D79226AD8C956906EB47618918906F4,8DE6F65532B81DFA49FB1DD2A07F6BCE7D79226AD8C956906EB47618918906F4,16683304
99DC80C0A63EE5FC0AFC4FC883266F7920C68BF51E5BBA701B7C40FAD1B6B519,93CFBB231137B25232442AF3AB2BAB0F1871AB57AF6E7E53107394751AE3AEBA,93CFBB231137B25232442AF3AB2BAB0F1871AB57AF6E7E53107394751AE3AEBA,16470006
99DC80C0A63EE5FC0AFC4FC883266F7920C68BF51E5BBA701B7C40FADADCB476,96C9D6F9884AD3D78D767D1073C9DFAAE783594D3AE9A7B71E75EF5201531F42,96C9D6F9884AD3D78D767D1073C9DFAAE783594D3AE9A7B71E75EF5201531F42,16782712
99DC80C0A63EE5FC0AFC4FC883266F7920C68BF51E5BBA701B7C40FACD2E14D4,B461576636C35F31ADD24C3FE84F2103888C857A78B0F28F177A925EE32CAB11,B461576636C35F31ADD24C3FE84F2103888C857A78B0F28F177A925EE32CAB11,16157426
99DC80C0A63EE5FC0AFC4FC883266F7920C68BF51E5BBA701B7C40FB2459E9E9,5DF1919280D9342C3AE78B3427527A158EF68C2C2B70E99B4873408260A5BF2E,5DF1919280D9342C3AE78B3427527A158EF68C2C2B70E99B4873408260A5BF2E,16097075
99DC80C0A63EE5FC0AFC4FC883266F7920C68BF51E5BBA701B7C40FB2141F533,EBC8710D2064B739FBCEBEE5D10A7063A2BC6E6129C955C78120C38E41EC9CE1,EBC8710D2064B739FBCEBEE5D10A7063A2BC6E6129C955C78120C38E41EC9CE1,21471722
99DC80C0A63EE5FC0AFC4FC883266F7920C68BF51E5BBA701B7C40FADD5065EB,BBF949F67A78393591D2E509DD145158D280C349ADA40DB6334009FA7705F0C,BBF949F67A78393591D2E509DD145158D280C349ADA40DB6334009FA7705F0C,17643694
99DC80C0A63EE5FC0AFC4FC883266F7920C68BF51E5BBA701B7C40FAE87E24CE,CEE19D34295DAFFFF2C5158048FBC0204BD07A4B8C1D745966E435B8C11E7940,CEE19D34295DAFFFF2C5158048FBC0204BD07A4B8C1D745966E435B8C11E7940,15554794
99DC80C0A63EE5FC0AFC4FC883266F7920C68BF51E5BBA701B7C40FAC87E0AA1,2EE4B946CB50A728B5D70DCB8E83EAF6FE4765C519060FB239F5F5C8CED03F47,2EE4B946CB50A728B5D70DCB8E83EAF6FE4765C519060FB239F5F5C8CED03F47,15967024
99DC80C0A63EE5FC0AFC4FC883266F7920C68BF51E5BBA701B7C40FAB1CA257A,B5F559FBC34A15FE5F0673A150586FF746358770B7EF6B5195E41C5141A358A9,B5F559FBC34A15FE5F0673A150586FF746358770B7EF6B5195E41C5141A358A9,16203896
99DC80C0A63EE5FC0AFC4FC883266F7920C68BF51E5BBA701B7C40FB273EF08F,87F24F3C8E65C20813EFC442FAC17E84E1F10B3B1E768E4650D4EB7B8D64719E,87F24F3C8E65C20813EFC442FAC17E84E1F10B3B1E768E4650D4EB7B8D64719E,15899925
99DC80C0A63EE5FC0AFC4FC883266F7920C68BF51E5BBA701B7C40FB003A235F,12C30198373037A3B0EEF0D55C1CB8B6F079914E79A94E8023B20F84C116745E,12C30198373037A3B0EEF0D55C1CB8B6F079914E79A94E8023B20F84C116745E,16776114
99DC80C0A63EE5FC0AFC4FC883266F7920C68BF51E5BBA701B7C40FAFCA813CE,D63FD4D99F510E66BBE29F9C3E813B3E3326E964761E42E43C82BDC6F3D102E7,D63FD4D99F510E66BBE29F9C3E813B3E3326E964761E42E43C82BDC6F3D102E7,15742079
99DC80C0A63EE5FC0AFC4FC883266F7920C68BF51E5BBA701B7C40FAC1513413,3B65FA89ACEEFF4155DE9C8AF6F0093E229C66A284564DDC1C4541EDD5FD20A2,3B65FA89ACEEFF4155DE9C8AF6F0093E229C66A284564DDC1C4541EDD5FD20A2,16576775
99DC80C0A63EE5FC0AFC4FC883266F7920C68BF51E5BBA701B7C40FB172A4F9B,A57A99C39C6BF9902576AA3E0006B87BB927B2DCAE91886387C927B6D4113AC3,A57A99C39C6BF9902576AA3E0006B87BB927B2DCAE91886387C927B6D4113AC3,17513313
99DC80C0A63EE5FC0AFC4FC883266F7920C68BF51E5BBA701B7C40FAB5FA0E0A,CA8563C8FDB7DDE5421EC396D3D9F8C976D9EC3BB575D4079BFA05C3DD198A3D,CA8563C8FDB7DDE5421EC396D3D9F8C976D9EC3BB575D4079BFA05C3DD198A3D,16103703
99DC80C0A63EE5FC0AFC4FC883266F7920C68BF51E5BBA701B7C40FAC7DD1AD1,6F15880549AF306FD67ED5F25957F9CD0DE6D32026F8C8A6F77FB9D19DEA112C,6F15880549AF306FD67ED5F25957F9CD0DE6D32026F8C8A6F77FB9D19DEA112C,17846092
99DC80C0A63EE5FC0AFC4FC883266F7920C68BF51E5BBA701B7C40FAEFFAF97C,722B687E94615C1508F448E592E5576DEB938710454F3A5A072077B04865F53B,722B687E94615C1508F448E592E5576DEB938710454F3A5A072077B04865F53B,16480958
99DC80C0A63EE5FC0AFC4FC883266F7920C68BF51E5BBA701B7C40FAD550CC12,EE715F81B7871802FBB8622E5AB733902DBF0CD8B4FEC3EA3F3EE80FBA928DDF,EE715F81B7871802FBB8622E5AB733902DBF0CD8B4FEC3EA3F3EE80FBA928DDF,15585843
99DC80C0A63EE5FC0AFC4FC883266F7920C68BF51E5BBA701B7C40FB1EA24D48,D574E666A667EF4E84127BD446876962DAECC37B83713CCF86E12C8AC62C0E6,D574E666A667EF4E84127BD446876962DAECC37B83713CCF86E12C8AC62C0E6,16191303
99DC80C0A63EE5FC0AFC4FC883266F7920C68BF51E5BBA701B7C40FAABF3ED5E,611D05A96BA89EDB80BB8E1B093010B9277D8314405C1805E79AD2D9F0652DB,611D05A96BA89EDB80BB8E1B093010B9277D8314405C1805E79AD2D9F0652DB,16844661
99DC80C0A63EE5FC0AFC4FC883266F7920C68BF51E5BBA701B7C40FAF50CC530,C1D51CC90108B707E3234DCD0F5D47ECD962EFE90081E75E312CF78B2A1064C7,C1D51CC90108B707E3234DCD0F5D47ECD962EFE90081E75E312CF78B2A1064C7,15740723
99DC80C0A63EE5FC0AFC4FC883266F7920C68BF51E5BBA701B7C40FB15949D21,A845D9C02C8DB5DE957730A97C5DA10C82044E18E481ED1B0F85F1E6ECF2055C,A845D9C02C8DB5DE957730A97C5DA10C82044E18E481ED1B0F85F1E6ECF2055C,16308562
99DC80C0A63EE5FC0AFC4FC883266F7920C68BF51E5BBA701B7C40FAC2730A41,4735798B853B357A44A71C7C1DE89DC88B08A40A055CAB5B38B7FA9FDF25439E,4735798B853B357A44A71C7C1DE89DC88B08A40A055CAB5B38B7FA9FDF25439E,16011475
99DC80C0A63EE5FC0AFC4FC883266F7920C68BF51E5BBA701B7C40FAC699ADB3,BD523110A8D1F2254993DE78C4D6E0C3F1C3C21F75AE5EE5F2FB1B3E0F3FE429,BD523110A8D1F2254993DE78C4D6E0C3F1C3C21F75AE5EE5F2FB1B3E0F3FE429,17959938
99DC80C0A63EE5FC0AFC4FC883266F7920C68BF51E5BBA701B7C40FAAC50CAF3,83C5F6DD97F2DF54CB022C2FE57B5C7F285B5AFD6E270D878E9B72990236695F,83C5F6DD97F2DF54CB022C2FE57B5C7F285B5AFD6E270D878E9B72990236695F,17632343
99DC80C0A63EE5FC0AFC4FC883266F7920C68BF51E5BBA701B7C40FB0B39ECA0,218A292DEA834215EB70B10AC9BA5F07D28D8A4A4B3220C6336ADFB2CCC0019B,218A292DEA834215EB70B10AC9BA5F07D28D8A4A4B3220C6336ADFB2CCC0019B,17340735
99DC80C0A63EE5FC0AFC4FC883266F7920C68BF51E5BBA701B7C40FB00D4E626,25C0B5A9E067A5432025E3B6B4A2E832F2E90313437B33CC800F4AB2EF308255,25C0B5A9E067A5432025E3B6B4A2E832F2E90313437B33CC800F4AB2EF308255,15865773
99DC80C0A63EE5FC0AFC4FC883266F7920C68BF51E5BBA701B7C40FACF2EBFE6,19703CA07E3B30BF43910E852CF513DA2C2D27E1B21730BD81D8835FE67DBD39,19703CA07E3B30BF43910E852CF513DA2C2D27E1B21730BD81D8835FE67DBD39,18512386
99DC80C0A63EE5FC0AFC4FC883266F7920C68BF51E5BBA701B7C40FB0DF6DABB,AC6416DED19926D6A6D9C9F73845A3EE4863EDDDB11C7F74BEA6B84D1F211F94,AC6416DED19926D6A6D9C9F73845A3EE4863EDDDB11C7F74BEA6B84D1F211F94,15826840
99DC80C0A63EE5FC0AFC4FC883266F7920C68BF51E5BBA701B7C40FAD08961B8,F87B36DFEE2F73BDED235230D075BCBE24B74E5A97109CB212A6E09934E0411,F87B36DFEE2F73BDED235230D075BCBE24B74E5A97109CB212A6E09934E0411,20361379
99DC80C0A63EE5FC0AFC4FC883266F7920C68BF51E5BBA701B7C40FB02738D2E,C3038D6945DADBF5593E2AC9AA10FCA1BCC538127DAA60F508F2BC9730639E4B,C3038D6945DADBF5593E2AC9AA10FCA1BCC538127DAA60F508F2BC9730639E4B,19745363
99DC80C0A63EE5FC0AFC4FC883266F7920C68BF51E5BBA701B7C40FAD69BFA56,889DE35B06743ED640162DF827A733A0A8027CD9E865B505E11780F0802A8D27,889DE35B06743ED640162DF827A733A0A8027CD9E865B505E11780F0802A8D27,19909671
99DC80C0A63EE5FC0AFC4FC883266F7920C68BF51E5BBA701B7C40FAEAF86D3B,BB0072DF630464941867BB85CE3E839014F17A47A90FD30F9120DC18F0D69382,BB0072DF630464941867BB85CE3E839014F17A47A90FD30F9120DC18F0D69382,22532722
99DC80C0A63EE5FC0AFC4FC883266F7920C68BF51E5BBA701B7C40FABBE5739F,834122DC4CF4846C736F8120276436B7E47565AAEB65017EADC7652929772F8D,834122DC4CF4846C736F8120276436B7E47565AAEB65017EADC7652929772F8D,20765517
99DC80C0A63EE5FC0AFC4FC883266F7920C68BF51E5BBA701B7C40FB22843F2A,6E9F3E6A838B74F6307618F7F17449B2C7D029F51D32889CE6B629DDCCE023BF,6E9F3E6A838B74F6307618F7F17449B2C7D029F51D32889CE6B629DDCCE023BF,20964232
99DC80C0A63EE5FC0AFC4FC883266F7920C68BF51E5BBA701B7C40FAF30D2B43,DBD13D1E9D18C308C0776B47332343B23ED483BA0B320E987A99CBC150C06ADC,DBD13D1E9D18C308C0776B47332343B23ED483BA0B320E987A99CBC150C06ADC,19085309
99DC80C0A63EE5FC0AFC4FC883266F7920C68BF51E5BBA701B7C40FADE1CAF0D,FFB4514914C3BBD938E3227019DCD384AFB7E4AC6B79ED24F89E0F2B8F4A82B1,FFB4514914C3BBD938E3227019DCD384AFB7E4AC6B79ED24F89E0F2B8F4A82B1,21184876
99DC80C0A63EE5FC0AFC4FC883266F7920C68BF51E5BBA701B7C40FAD742E67F,6CA215F0223F42454DEEB441B2ADCB6292D11FE92C336E7D806F35A59DA0052E,6CA215F0223F42454DEEB441B2ADCB6292D11FE92C336E7D806F35A59DA0052E,18770698
99DC80C0A63EE5FC0AFC4FC883266F7920C68BF51E5BBA701B7C40FB299E07C7,C93ADF199AA3B05E6879F8194CB7BCCC1D118EC7D944F74AAFF6E48D78E1A7D2,C93ADF199AA3B05E6879F8194CB7BCCC1D118EC7D944F74AAFF6E48D78E1A7D2,19807538
99DC80C0A63EE5FC0AFC4FC883266F7920C68BF51E5BBA701B7C40FAB1FD257A,300FB2C07211DC6050820A3DEC91103F9829DC5125E7EA01BCEEC33C538F6A8A,300FB2C07211DC6050820A3DEC91103F9829DC5125E7EA01BCEEC33C538F6A8A,17648119
99DC80C0A63EE5FC0AFC4FC883266F7920C68BF51E5BBA701B7C40FABE99D47A,89678B76F63011E262A81C414F9FD06991A62EA658E19258C3A7BB8F3B006091,89678B76F63011E262A81C414F9FD06991A62EA658E19258C3A7BB8F3B006091,15446196
99DC80C0A63EE5FC0AFC4FC883266F7920C68BF51E5BBA701B7C40FB0A58F476,56CCFFC39D54AD5123B4D78AEC6CA7C0BF09278CD6A677C521743D864812F156,56CCFFC39D54AD5123B4D78AEC6CA7C0BF09278CD6A677C521743D864812F156,17474691
99DC80C0A63EE5FC0AFC4FC883266F7920C68BF51E5BBA701B7C40FB12EB0060,69A17233E90AF44A0B19E47D20369D830AAC437B4F0AB7AA6EA05952BA82B567,69A17233E90AF44A0B19E47D20369D830AAC437B4F0AB7AA6EA05952BA82B567,15352145
99DC80C0A63EE5FC0AFC4FC883266F7920C68BF51E5BBA701B7C40FB1050A629,6722A467DDE3EC68534C371A5CD3E1DADF9FEC0C4703866B01015832127A5,6722A467DDE3EC68534C371A5CD3E1DADF9FEC0C4703866B01015832127A5,16160792
99DC80C0A63EE5FC0AFC4FC883266F7920C68BF51E5BBA701B7C40FAE79B9FE9,F880B9AC89923E2F8785D332120073B81E20262B34213FAB09AE713E55047CBE,F880B9AC89923E2F8785D332120073B81E20262B34213FAB09AE713E55047CBE,18175857
99DC80C0A63EE5FC0AFC4FC883266F7920C68BF51E5BBA701B7C40FAC163C4B6,93F744D79A6DA04EF4034171611103FC70601E768C3341409E0F24F1ED7DA6DD,93F744D79A6DA04EF4034171611103FC70601E768C3341409E0F24F1ED7DA6DD,16491494
99DC80C0A63EE5FC0AFC4FC883266F7920C68BF51E5BBA701B7C40FB1355957E,768047171028EF1721843CB6A0297A8A8C4AEFB633BA3A2BF009E9FEC2DFB18D,768047171028EF1721843CB6A0297A8A8C4AEFB633BA3A2BF009E9FEC2DFB18D,18082194
99DC80C0A63EE5FC0AFC4FC883266F7920C68BF51E5BBA701B7C40FB0D8085D1,706D9DF83449A0B299EEF269E960DB0CD0514E8B823AC0CBB8284E8316CB0E2A,706D9DF83449A0B299EEF269E960DB0CD0514E8B823AC0CBB8284E8316CB0E2A,16178748
99DC80C0A63EE5FC0AFC4FC883266F7920C68BF51E5BBA701B7C40FAC44BA4E3,587F79E4F212182915628FB80B1AE1CAF0041467C0F074E252845F78BD779E73,587F79E4F212182915628FB80B1AE1CAF0041467C0F074E252845F78BD779E73,18121172
99DC80C0A63EE5FC0AFC4FC883266F7920C68BF51E5BBA701B7C40FAF21BF2CB,C4C885BF5DE434DC3CC73583BB4BA796A4EFCCAA59C5E4AE8A37F19B0867F0F4,C4C885BF5DE434DC3CC73583BB4BA796A4EFCCAA59C5E4AE8A37F19B0867F0F4,15913068
99DC80C0A63EE5FC0AFC4FC883266F7920C68BF51E5BBA701B7C40FB074A69ED,53B270B0B5415EF3B99AC061DB869380